0.918708,0.915617,0
1.036356,0.749763,0
0.930859,0.761312,0
0.860040,0.808261,0
0.490450,0.837604,1
0.830377,0.863678,0
0.542410,0.734045,1
0.377791,0.196762,2
0.989519,0.787167,0
0.230691,0.507520,3
0.913182,1.008964,-1
0.489626,0.710310,1
0.296656,0.227504,2
1.003189,0.923668,0
0.537063,0.789278,1
0.543205,0.834448,1
0.011296,0.496219,3
0.571197,0.856249,1
0.572445,0.834247,1
0.110034,0.560738,3
0.928871,0.828346,0
0.677075,0.789356,1
0.460595,0.797970,1
0.606153,0.649704,1
0.306487,0.126742,2
0.046536,0.538868,3
0.217865,0.514928,3
0.209504,0.518566,3
0.051569,0.498997,3
0.906899,0.857930,0
0.094131,0.509737,3
0.403887,0.082362,2
0.255446,0.536274,3
0.935095,0.931742,0
0.338206,0.193134,2
1.091638,0.777329,-1
0.265262,0.128557,2
0.537455,0.829003,1
0.615808,0.856363,1
0.494309,0.687734,1
0.349844,0.237019,2
0.377395,0.174543,2
0.122194,0.620230,3
0.343471,0.100104,2
0.850709,0.846627,0
0.055668,0.669301,-1
0.160208,0.416485,3
0.648005,0.773316,1
0.003093,0.566677,3
0.119839,0.574868,3
0.418774,0.146407,2
0.392857,0.132879,2
0.562561,0.875093,1
0.179582,0.512566,3
0.284110,0.190538,2
0.173739,0.629906,3
0.923264,0.909659,0
0.993363,0.897943,0
0.580286,0.790653,1
0.376529,0.198820,2
0.989670,0.796966,0
0.588437,0.774329,1
0.139233,0.505563,3
0.390374,0.194940,2
0.387957,0.093291,2
0.830164,0.751638,0
0.446673,0.848730,1
0.443814,0.189014,2
0.627943,0.756970,1
0.908670,0.757665,0
0.994993,0.808649,0
0.493820,0.741752,1
1.009345,0.883511,0
0.943295,0.891002,0
0.437110,0.106376,2
0.311434,0.180337,2
0.192265,0.526846,3
0.907569,0.877156,0
0.116036,0.570023,3
0.086896,0.523128,3
0.341202,0.166944,2
0.643664,0.722856,1
0.552278,0.894368,1
0.396291,0.255944,2
0.440773,0.197205,2
0.213914,0.585349,3
0.259658,0.148754,2
0.289040,0.137807,2
0.118452,0.531523,3
0.905124,0.771369,0
0.588931,0.844864,1
0.201033,0.443707,3
0.932787,0.907327,0
0.955939,0.893964,0
0.610367,0.786794,1
0.830885,0.886819,0
0.241190,0.468319,3
0.915550,0.883595,0
0.114004,0.593140,3
0.481309,0.741594,1
0.287950,0.237125,2
0.070817,0.505257,3
0.183639,0.581364,3
1.007290,0.809384,0
0.413414,0.764272,1
0.314173,0.123801,2
1.028610,0.932603,0
0.411901,0.145483,2
0.929147,0.943629,0
0.195200,0.450545,3
0.044242,0.560231,3
0.194808,0.549940,3
0.944858,0.909510,0
0.125957,0.494888,3
0.406833,0.159012,2
0.487158,0.755385,1
0.415804,0.770123,1
0.506380,0.221040,2
0.583588,0.861300,1
0.904295,0.870839,0
1.062707,0.841906,0
0.127103,0.449834,3
0.090626,0.561759,3
0.187646,0.414950,3
0.578506,0.723040,1
0.576182,0.752227,1
0.156146,0.570717,3
0.150846,0.454177,3
0.901323,0.861336,0
0.580147,0.824121,1
0.311167,0.078437,2
0.594103,0.733063,1
0.129701,0.502794,3
0.610324,0.751696,1
0.322604,0.196634,2
0.441029,0.269861,2
0.203988,0.514699,3
1.071761,0.816292,0
0.312485,0.146327,2
0.578751,0.765973,1
0.147342,0.494199,3
0.327027,0.109734,2
0.169476,0.472762,3
0.867542,0.883881,0
0.109636,0.590552,3
0.094077,0.569975,3
0.688127,0.716094,1
0.509469,0.816174,1
0.972139,0.768333,0
0.212913,0.543835,3
0.962903,0.908058,0
0.304829,0.119195,2
0.415533,0.147595,2
0.134505,0.099414,-1
0.212533,0.528958,3
0.105501,0.490807,3
0.387034,0.146432,2
0.167318,0.576092,3
0.557963,0.815175,1
0.854701,0.840775,0
0.099429,0.549365,3
0.542182,0.892355,1
0.431057,0.121027,2
0.408694,0.828211,1
0.528107,0.815142,1
0.595731,0.742426,1
0.219353,0.499538,3
0.955054,0.948867,0
0.999690,0.859359,0
0.444413,0.800139,1
0.973505,0.812814,0
0.951005,0.753903,0
0.228028,0.258506,-1
0.396117,0.061824,2
0.319420,0.153390,2
0.611765,0.714540,1
0.474376,0.775231,1
0.526286,0.875856,1
1.003113,0.854547,0
0.492243,0.708149,1
0.416433,0.201081,2
1.005245,0.749356,0
0.253564,0.052647,-1
0.964962,0.968937,0
0.908363,0.790602,0
0.514623,0.740523,1
0.354742,0.159488,2
0.367675,0.179930,2
1.014730,0.794298,0
0.163444,0.604151,3
0.324059,0.123542,2
0.889374,0.838519,0
0.542797,0.761484,1
0.418963,0.780253,1
0.484254,0.795216,1
0.618309,0.804645,1
0.504694,0.753674,1
0.582802,0.753362,1
0.416589,0.121981,2
0.936018,0.811224,0
0.896886,0.890034,0
0.549467,0.889288,1
0.408792,0.147970,2
0.317531,0.093487,2
0.093107,0.519669,3
0.907473,0.883340,0
0.376519,0.136685,2
0.455493,0.146384,2
0.515943,0.826599,1
0.349867,0.285074,2
0.957152,0.843179,0
0.513397,0.768542,1
1.013056,0.801791,0
0.564383,0.764147,1
0.210754,0.569899,3
0.929687,0.842638,0
0.960085,0.780616,0
0.162469,0.383961,3
0.605600,0.780027,1
0.199242,0.505698,3
0.651157,0.867335,1
0.616949,0.819012,1
0.167434,0.591163,3
0.908095,0.829623,0
0.059515,0.447370,3
0.368900,0.155535,2
0.156491,0.544816,3
0.265796,0.143847,2
0.970262,0.671097,-1
0.433617,0.841092,1
0.562106,0.786649,1
0.432433,0.163643,2
0.840565,0.802249,0
0.317290,0.171244,2
0.916499,0.854592,0
0.487432,0.778985,1
0.170206,0.573425,3
0.264351,0.467266,3
0.126772,0.546725,3
0.943796,0.785315,0
1.043604,0.941455,0
0.571927,0.686632,1
0.510747,0.765254,1
0.620128,0.753004,1
0.964225,0.902466,0
0.391070,0.116551,2
0.541337,0.826538,1
0.918251,0.888502,0
0.137191,0.590710,3
0.407037,0.183925,2
0.409131,0.228877,2
0.989044,0.856180,0
0.952840,0.737997,0
0.320811,0.231644,2
0.568015,0.827153,1
0.534209,0.805125,1
0.950651,0.833928,0
0.391955,0.102684,2
0.926771,0.936830,0
0.338668,0.113631,2
0.618670,0.846852,1
0.962963,0.802711,0
0.813221,0.861405,0
0.183232,0.506205,3
0.566044,0.752224,1
0.497174,0.757887,1
0.169526,0.512995,3
0.871408,0.952724,0
0.155976,0.452046,3
0.641562,0.846636,1
0.157095,0.544379,3
0.418651,0.747286,1
0.481637,0.111215,2
0.551128,0.816037,1
0.546981,0.777694,1
0.131291,0.532839,3
0.219154,0.468041,3
0.584117,0.766756,1
0.037402,0.510094,3
0.884979,0.945824,0
0.885411,0.844555,0
0.920160,0.856959,0
0.993315,0.753316,0
0.265289,0.224978,2
0.935990,0.838387,0
0.907145,0.818994,0
0.380671,0.279907,2
0.348770,0.206225,2
0.447335,0.721143,1
1.005063,0.931809,0
0.472239,0.741609,1
0.107911,0.571353,3
0.955190,0.799338,0
0.069055,0.495830,3
0.602098,0.772557,1
0.612177,0.841154,1
0.924975,0.812683,0
0.332655,0.156124,2
0.476678,0.793562,1
0.579997,0.851727,1
0.355156,0.171750,2
0.856184,0.840842,0
0.051646,0.514864,3
0.487632,0.850057,1
0.552107,0.884540,1
0.106706,0.509295,3
0.140271,0.416018,3
0.918195,0.784886,0
0.171426,0.545180,3
0.058690,0.486205,3
0.532332,0.745610,1
0.906250,0.867525,0
0.557127,0.701836,1
0.479571,0.778986,1
0.535828,0.865064,1
0.030047,0.708311,-1
0.080182,0.557535,3
1.047566,0.906765,0
0.978494,0.903137,0
0.514347,0.728994,1
0.141509,0.613428,3
0.510099,0.804864,1
0.922251,0.781997,0
0.422156,0.318867,2
0.180809,0.516641,3
0.546439,0.748034,1
0.349677,0.214136,2
0.133545,0.616487,3
0.624611,0.801455,1
0.878397,0.837797,0
0.350012,0.147573,2
0.610783,0.773267,1
0.950771,0.775831,0
0.471766,0.118939,2
0.152566,0.592563,3
0.618554,0.781683,1
1.012938,0.855215,0
0.006371,0.522144,3
1.034056,0.927203,0
0.642296,0.783296,1
0.980264,0.855697,0
0.141865,0.648768,3
0.935903,0.742531,0
1.008274,0.884629,0
0.626047,0.790929,1
0.884211,0.758441,0
0.265212,0.105021,2
0.943356,0.869896,0
0.881270,0.738419,0
0.298012,0.139241,2
0.369580,0.105194,2
0.465008,0.182198,2
0.386658,0.154255,2
0.573223,0.813857,1
0.274298,0.139568,2
0.641420,0.817997,1
0.396383,0.205285,2
0.508361,0.927830,1
0.316796,0.180735,2
0.538827,0.795420,1
0.452634,0.057592,2
0.059882,0.454586,3
0.943497,0.836611,0
0.950383,0.764140,0
0.816049,0.890987,0
0.059559,0.581563,3
0.118018,0.499382,3
0.537716,0.874499,1
0.967178,0.801628,0
0.130760,0.591237,3
0.348212,0.074101,2
0.484871,0.184436,2
0.081411,0.521638,3
0.027519,0.490488,3
0.103180,0.624473,3
0.121411,0.474704,3
0.554895,0.874907,1
0.535321,0.812850,1
0.060990,0.544348,3
0.337977,0.224899,2
0.856725,0.719327,0
0.921656,0.862337,0
0.895966,0.844546,0
1.009370,0.824729,0
0.579067,0.810079,1
0.382662,0.057694,2
0.216621,0.220883,2
0.295586,0.153897,2
0.253916,0.193386,2
0.386568,0.153646,2
0.311889,0.234193,2
0.516256,0.825291,1
0.990251,0.781029,0
0.334289,0.139551,2
0.958477,0.840829,0
0.490134,0.822779,1
0.191003,0.594157,3
0.392698,0.005956,2
0.056868,0.426148,3
0.476907,0.775204,1
0.964252,0.797200,0
0.491955,0.835955,1
0.937445,0.872104,0
0.174042,0.525030,3
0.197593,0.528780,3
0.974773,0.876347,0
0.216101,0.201423,2
0.139089,0.545024,3
0.353616,0.175514,2
0.314663,0.099639,2
0.953525,0.896101,0
0.090891,0.437054,3
0.441277,0.137343,2
0.955825,0.821579,0
0.630810,0.929436,1
0.989764,0.872529,0
0.107608,0.557828,3
0.210952,0.538263,3
0.588312,0.826369,1
0.593431,0.804822,1
0.099097,0.565188,3
0.377249,0.226743,2
0.996700,0.818697,0
0.559279,0.849681,1
0.502109,0.738528,1
0.104756,0.496773,3
0.515454,0.811265,1
0.146627,0.516122,3
0.132184,0.488904,3
0.134666,0.505975,3
0.077716,0.422662,3
0.321130,0.181917,2
0.363531,0.246993,2
0.522505,0.750277,1
0.126598,0.502944,3
0.390959,0.146989,2
0.093218,0.465562,3
0.323495,0.143608,2
0.466946,0.799340,1
0.964444,0.720864,0
1.116945,0.799886,-1
0.375704,0.065594,2
0.955625,0.934977,0
0.350915,0.179505,2
0.817514,0.839112,0
0.931302,0.741140,0
0.903413,0.719445,0
0.471535,0.684292,1
0.062636,0.662856,3
0.081873,0.529703,3
0.917782,0.893578,0
0.086845,0.576114,3
0.133888,0.555227,3
0.138965,0.554729,3
1.008351,0.931357,0
0.604108,0.747313,1
0.466219,0.743797,1
0.524725,0.821607,1
0.501205,0.741656,1
0.110570,0.574162,3
0.430951,0.177228,2
0.886855,0.802156,0
0.029548,0.661197,3
0.388260,0.179813,2
0.388482,0.742500,-1
0.543640,0.144999,2
0.454931,0.849839,1
0.374519,0.115107,2
0.350704,0.210138,2
0.971695,0.895978,0
0.602877,0.800125,1
1.010758,0.868665,0
0.363083,0.176536,2
0.118866,0.580598,3
1.015619,0.880073,0
0.289140,0.159525,2
0.928648,0.852845,0
0.350241,0.166334,2
0.607168,0.743537,1
0.516989,0.843722,1
0.115870,0.589014,3
0.939318,0.895351,0
0.274421,0.158066,2
0.072401,0.566466,3
0.503412,0.852123,1
0.544672,0.837991,1
0.302717,0.079483,2
0.879069,0.931016,0
0.410335,0.256033,2
0.477764,0.169316,2
0.361390,0.093351,2
0.596325,0.744217,1
0.027815,0.476928,3
0.165577,0.500104,3
0.351628,0.189458,2
0.741229,0.775596,-1
0.544292,0.766313,1
0.345918,0.177561,2
0.163631,0.573760,3
0.542335,0.778980,1
0.000000,0.484784,3
0.525667,0.778053,1
0.610738,0.884085,1
0.926347,0.853277,0
0.281880,0.602427,-1
0.375702,0.081668,2
0.479196,0.830244,1
0.317935,0.146761,2
0.917562,0.851232,0
0.932161,0.821522,0
0.343905,0.174136,2
0.634804,0.723155,1
0.984603,0.843440,0
0.497395,0.701339,1
0.964585,0.909457,0
0.969719,0.926370,0
0.344826,0.107914,2
0.585595,0.751918,1
0.637014,0.952573,-1
0.558958,0.756593,1
0.971984,0.943498,0
0.086723,0.606932,3
0.424306,0.766360,1
0.427047,0.094596,2
0.416760,0.221732,2
0.077009,0.545553,3
0.278887,0.478324,3
0.000000,0.510090,3
0.943298,0.841126,0
0.201761,0.520495,3
0.346776,0.229360,2
0.140163,0.567119,3
0.513209,0.828837,1
0.358531,0.006886,2
0.589443,0.837186,1
0.399240,0.207651,2
0.432932,0.700136,1
0.913440,0.906594,0
0.602744,0.804094,1
0.984278,0.758991,0
0.417241,0.189891,2
0.372082,0.156877,2
0.501451,0.676844,1
0.070828,0.551002,3
0.604901,0.884355,1
0.467704,0.696667,1
0.392609,0.228587,2
0.477749,0.806794,1
0.554455,0.808736,1
0.012920,0.460311,3
0.992182,0.790000,0
0.263666,0.216949,2
0.930453,0.806868,0
0.381076,0.169379,2
0.526099,1.032579,-1
1.088876,0.841558,0
0.940910,0.855873,0
0.931251,0.884685,0
0.516296,0.825212,1
0.625222,0.837922,1
0.542196,0.801550,1
0.314268,0.161246,2
0.434533,0.179515,2
0.156498,0.497075,3
0.108556,0.546735,3
0.302596,0.184637,2
0.043189,0.482806,3
0.355480,0.201103,2
0.965119,0.903844,0
0.588012,0.829542,1
0.625702,0.722097,1
0.364786,0.202280,2
0.568592,0.832589,1
0.704473,0.686324,-1
0.381423,0.152803,2
0.398221,0.111004,2
0.441298,0.678149,1
0.313996,0.104379,2
1.027770,0.891679,0
0.526222,0.781090,1
0.255852,0.206056,2
0.474224,0.828442,1
0.579240,0.764137,1
0.563372,0.826254,1
0.111259,0.613827,3
0.982341,0.960223,0
0.498127,0.819259,1
0.000000,0.528752,3
1.034788,0.743162,0
0.042635,0.525637,3
0.100333,0.578068,3
1.026862,0.822231,0
0.518388,0.153973,2
0.518984,0.790528,1
0.066935,0.565154,3
0.194033,0.432475,3
0.503030,0.825432,1
0.591878,0.902948,1
0.873874,0.887329,0
0.829533,0.946971,0
0.388873,0.164689,2
0.382563,0.212792,2
0.325339,0.123356,2
0.332409,0.270161,2
0.921897,0.895610,0
0.578661,0.678616,1
0.548547,0.759003,1
0.437108,0.164644,2
0.296631,0.085251,2
0.491324,0.852100,1
0.162978,0.504600,3
0.142011,0.529593,3
0.842309,0.776203,0
0.529637,0.770782,1
0.047996,0.444876,3
0.902697,0.907557,0
1.000199,0.817806,0
1.004086,0.740704,0
0.460728,0.125635,2
0.550332,0.757585,1
0.944413,0.932787,0
0.921848,0.798260,0
0.520368,0.792545,1
1.024723,0.732742,0
0.586111,0.788165,1
0.317905,0.224673,2
0.190459,0.445283,3
0.170140,0.573257,3
0.322120,0.070991,2
0.097439,0.597598,3
0.574317,0.813628,1
0.148670,0.552646,3
0.587187,0.852248,1
0.498108,0.816609,1
0.352813,0.174143,2
0.264972,0.152230,2
0.162720,0.445892,3
0.342452,0.153602,2
0.597190,0.802814,1
0.134187,0.538132,3
0.607738,0.803739,1
0.067871,0.460876,3
0.453249,0.900254,1
0.185203,0.598404,3
0.418879,0.160579,2
0.869780,0.790138,0
0.426940,0.198834,2
0.452233,0.667033,1
0.025520,0.555911,3
0.984463,0.867613,0
1.082878,0.985036,-1
0.419557,0.195806,2
0.359341,0.120534,2
0.944137,0.893317,0
0.854142,0.845103,0
0.927527,0.894798,0
0.938160,1.000278,-1
0.377860,0.082218,2
0.296870,0.207250,2
0.134815,0.574233,3
0.084660,0.515757,3
0.099401,0.548667,3
0.465785,0.168483,2
0.909106,0.967416,0
0.232744,0.462534,3
0.120474,0.628616,3
0.902980,0.808771,0
0.449841,0.207928,2
0.081136,0.410618,3
0.527292,0.190223,2
0.364317,0.168538,2
0.904718,0.885376,0
0.509123,0.771772,1
0.562067,0.847926,1
0.151618,0.550735,3
0.846074,0.859570,0
0.149490,0.440844,3
0.441685,0.686777,1
0.341469,0.205168,2
0.075885,0.684187,3
0.312445,0.150143,2
0.182378,0.565596,3
0.117324,0.491940,3
0.167187,0.622985,3
0.045263,0.431991,3
0.990909,0.822555,0
0.072661,0.591021,3
0.118673,0.553900,3
0.080561,0.532511,3
0.503482,0.762529,1
0.447376,0.200665,2
0.377030,0.296688,2
0.323890,0.143304,2
0.513034,0.747420,1
0.189460,0.504274,3
0.021722,0.543442,3
0.145465,0.541477,3
0.114303,0.588496,3
0.076489,0.516437,3
0.123400,0.477465,3
0.648993,0.901762,1
0.375359,0.135381,2
0.144696,0.524724,3
0.468844,0.744639,1
0.404937,0.149373,2
0.949532,0.796611,0
0.942346,0.805010,0
0.165974,0.559807,3
0.094021,0.503007,3
0.071869,0.497149,3
0.472458,0.171571,2
0.892712,0.835716,0
0.439527,0.785617,1
0.878907,0.870046,0
0.394962,0.150384,2
0.076270,0.485966,3
1.079423,0.855797,0
0.152198,0.609306,3
0.886348,0.792421,0
1.005994,0.776695,0
0.605639,0.843624,1
0.462627,0.191266,2
0.615578,0.748807,1
0.165374,0.489576,3
0.180769,0.538181,3
0.101942,0.520443,3
0.952693,0.757457,0
0.586249,0.793709,1
0.899918,0.900774,0
0.580969,0.803154,1
0.950589,0.816752,0
0.567314,0.860798,1
0.019369,0.550854,3
0.249762,0.552328,3
0.218269,0.552677,3
0.416198,0.243568,2
0.044944,0.464285,3
0.464331,0.168892,2
0.364779,0.099494,2
0.351816,0.043753,2
0.548984,0.720639,1
0.895630,0.889771,0
0.161523,0.571868,3
0.138878,0.582508,3
0.042888,0.617732,3
0.266543,0.114954,2
0.384016,0.798001,1
0.351540,0.230171,2
0.973063,0.888774,0
0.376165,0.187910,2
0.564154,0.825687,1
0.582837,0.820122,1
0.895558,0.918569,0
0.997949,0.824620,0
0.273953,0.185737,2
0.224600,0.516932,3
0.397589,0.795685,1
0.108565,0.500007,3
0.079274,0.622220,3
0.543165,0.758793,1
0.635583,0.754518,1
0.321699,0.152808,2
1.009640,0.802923,0
0.552172,0.855819,1
1.067459,0.746726,-1
1.043901,0.880402,0
0.331952,0.221437,2
0.076012,0.516902,3
0.209483,0.478809,3
0.874556,0.844870,0
0.973400,0.828205,0
0.944941,0.943159,0
0.400526,0.124750,2
0.182629,0.468632,3
0.058243,0.431897,3
0.161960,0.584184,3
0.352043,0.266712,2
0.548630,0.821174,1
0.043086,0.493010,3
0.525335,0.880264,1
0.946631,0.849491,0
1.038847,0.788075,0
0.598570,0.828187,1
0.383840,0.185414,2
0.429686,0.339344,2
0.016149,0.479698,3
0.917138,0.778202,0
0.383205,0.157289,2
0.580209,0.853752,1
0.422243,0.210874,2
0.842050,0.837491,0
0.169318,0.521316,3
0.113814,0.615949,3
0.466497,0.157949,2
0.524395,0.680357,1
0.471833,0.239594,2
0.929610,0.819219,0
1.037168,0.825530,0
0.411833,0.725987,1
0.128327,0.562506,3
0.625781,0.839140,1
0.919491,0.881388,0
0.999414,0.855131,0
0.135537,0.509762,3
0.972154,0.924104,0
0.955782,0.870227,0
0.949745,0.810494,0
0.435727,0.115340,2
0.499271,0.247401,2
0.184726,0.495737,3
0.924036,0.935885,0
0.395845,0.890035,-1
0.358553,0.260384,2
1.024134,0.727205,0
0.579967,0.869674,1
1.043048,0.792606,0
0.133434,0.663254,3
0.988855,0.866929,0
0.324065,0.135525,2
0.522964,0.820267,1
0.876173,0.821207,0
0.398186,0.183943,2
0.232481,0.225614,2
0.038129,0.593923,3
0.851323,0.946990,0
0.098513,0.671748,3
0.027623,0.480997,3
0.114519,0.597702,3
0.051176,0.448791,3
0.846991,0.857504,0
0.933234,0.869991,0
0.506862,0.797610,1
0.413759,0.170789,2
0.496216,0.811553,1
0.974999,0.875102,0
0.201509,0.485573,3
0.385002,0.128819,2
0.024012,0.571271,3
0.894915,0.865315,0
0.959435,0.852380,0
0.298586,0.197516,2
1.010389,0.856809,0
0.643829,0.800281,1
0.351179,0.206482,2
1.021075,0.880844,0
0.330402,0.242157,2
0.545614,0.802433,1
0.571636,0.800789,1
1.015474,0.668635,-1
0.126160,0.608459,3
0.425052,0.131667,2
0.939663,0.926281,0
0.955760,0.900069,0
0.518530,0.795897,1
0.553448,0.675152,1
0.521979,0.725600,1
0.556593,0.769127,1
0.632119,0.886125,1
1.033591,0.954679,0
0.139528,0.541329,3
0.940939,0.838692,0
0.054780,0.529070,3
0.926217,0.901070,0
0.255042,0.537799,3
0.860810,0.866902,0
0.322352,0.250534,2
0.424712,0.247438,2
0.901040,0.825346,0
0.908121,0.766467,0
0.343069,0.180412,2
0.000000,0.505238,3
0.495520,0.835840,1
0.094963,0.426826,3
0.605478,0.768963,1
0.079381,0.642015,3
0.488634,0.893715,1
0.391826,0.136453,2
0.338846,0.160392,2
0.566486,0.792822,1
0.529732,0.851952,1
0.213136,0.643541,3
0.125592,0.619421,3
0.566818,0.742100,1
0.991636,0.812094,0
0.341212,0.239601,2
0.289807,0.200838,2
0.104783,0.581088,3
0.261643,0.526605,3
0.928393,0.846050,0
0.461152,0.782692,1
0.000000,0.492413,3
0.125682,0.540418,3
0.975433,0.760187,0
0.362534,0.076558,2
0.868291,0.797658,0
0.201265,0.479861,3
0.000000,0.542576,3
0.109353,0.507340,3
0.962403,0.791754,0
0.551894,0.718718,1
0.338494,0.165007,2
0.090497,0.645945,3
0.259798,0.545626,3
0.402009,0.141443,2
0.197939,0.428058,3
0.112876,0.528314,3
0.947862,0.905209,0
0.974664,0.861251,0
0.496179,0.786637,1
0.402547,0.288215,2
0.365775,0.199913,2
0.431011,0.242928,2
0.079344,0.441681,3
0.342990,0.118315,2
0.936261,0.806108,0
0.486089,0.863754,1
0.957974,0.892712,0
0.866258,0.946337,0
1.083497,0.962494,-1
0.192527,0.518125,3
0.596696,0.793195,1
0.118192,0.626596,3
0.558548,0.696198,1
0.069347,0.517404,3
0.024291,0.476274,3
0.990753,0.781925,0
0.964513,0.704892,0
1.042729,0.766549,0
0.477235,0.809515,1
0.155391,0.124349,-1
0.123552,0.532754,3
0.158042,0.520230,3
0.934249,0.941189,0
0.437548,0.044418,2
0.192205,0.247619,-1
0.387394,0.081279,2
0.258167,0.224746,2
0.084648,0.576025,3
0.341720,0.203763,2
0.477305,0.092860,2
0.968020,0.961272,0
0.547539,0.770746,1
1.029892,0.897697,0
0.369123,0.213840,2
0.507331,0.722071,1
0.614427,0.771959,1
0.434059,0.232509,2
0.344488,0.131182,2
0.071130,0.441737,3
0.059716,0.536175,3
0.472975,0.820470,1
0.382295,0.216084,2
0.522436,0.739079,1
0.325543,0.216129,2
0.605602,0.884567,1
0.351845,0.207228,2
0.473995,0.171463,2
0.379870,0.278287,2
0.164761,0.626735,3
0.524726,0.821565,1
0.072283,0.536679,3
0.960076,0.777788,0
0.061709,0.457431,3
0.517103,0.666529,1
0.659514,0.911841,-1
0.266930,0.097713,2
0.482833,0.768395,1
0.142387,0.497732,3
0.990975,0.784779,0
0.942389,0.740663,0
0.518796,0.793963,1
0.370555,0.154261,2
0.497078,0.736936,1
0.106904,0.556954,3
0.016614,0.445883,3
0.475618,0.844480,1
0.141661,0.496803,3
0.132789,0.493721,3
0.011377,0.575369,3
0.137819,0.474259,3
0.176344,0.628097,3
0.579221,0.730771,1
0.274587,0.134097,2
0.260286,0.257062,2
1.012563,0.856261,0
0.066093,0.610430,3
0.902093,0.822676,0
0.536945,0.734313,1
0.310806,0.260898,2
0.170109,0.611308,3
0.519567,0.796688,1
0.518060,0.832379,1
0.131125,0.498241,3
0.132131,0.448595,3
0.391437,0.245881,2
0.525940,0.173291,2
0.561421,0.738575,1
0.377324,0.167046,2
1.087565,0.824660,0
0.076375,0.487248,3
0.072746,0.608520,3
0.380895,0.142844,2
0.044804,0.518075,3
0.537659,0.812874,1
0.512681,0.767556,1
0.000000,0.541137,3
0.365248,0.238392,2
0.485529,0.908708,1
0.481446,0.775670,1
0.131797,0.547522,3
0.921791,0.880070,0
0.590880,0.914597,1
0.897074,0.749757,0
0.336875,0.288175,2
1.030971,0.907455,0
0.969242,0.958216,0
0.507543,0.789568,1
0.977417,0.872915,0
0.305602,0.183864,2
0.359215,0.082041,2
0.400978,0.163381,2
0.305767,0.127025,2
0.530508,0.735105,1
0.506511,0.703286,1
0.640547,0.751177,1
0.131683,0.622692,3
0.607511,0.767051,1
0.152179,0.511285,3
0.567773,0.724725,1
0.905682,0.926463,0
0.545269,0.782412,1
0.121304,0.637309,3
0.416730,0.782913,1
0.170266,0.601229,3
0.867770,0.807167,0
0.159577,0.648063,3
0.469711,0.287140,2
0.120515,0.474015,3
0.454596,0.150987,2
0.332068,0.096124,2
0.937070,0.946197,0
0.967115,0.718687,0
1.020221,0.825801,0
0.365547,0.313055,2
0.021760,0.574620,3
0.446109,0.130197,2
0.307347,0.207236,2
0.419783,0.218709,2
0.931586,0.910971,0
0.380965,0.202218,2
0.516308,0.861580,1
0.397198,0.146558,2
0.497048,0.701959,1
0.537236,0.744125,1
0.929909,0.938880,0
0.419975,0.204850,2
0.540046,0.712798,1
0.878801,0.862095,0
0.435299,0.118683,2
0.469964,0.150555,2
0.478429,0.824020,1
0.500895,0.190698,2
0.092686,0.619539,3
0.726747,0.724328,-1
0.384695,0.112255,2
0.413416,0.055392,2
0.210640,0.552578,3
1.034412,0.926413,0
0.912661,0.849984,0
0.966023,0.819754,0
0.154175,0.529485,3
0.357644,0.074191,2
0.339900,0.178319,2
0.087124,0.403409,3
0.837162,0.792762,0
0.350690,0.176215,2
0.539158,0.841032,1
1.057590,0.848168,0
0.123942,0.587303,3
0.374546,0.128433,2
0.179708,0.518702,3
0.453612,0.155739,2
0.406159,0.143611,2
0.260144,0.493815,3
0.345997,0.067506,2
0.504538,0.832177,1
0.939954,0.847769,0
0.545195,0.716621,1
0.080771,0.497588,3
0.500350,0.030430,-1
0.816501,0.826920,0
0.338059,0.299117,2
0.453626,0.809998,1
0.415662,0.759041,1
0.533804,0.875271,1
0.222497,0.457612,3
0.169781,0.507833,3
0.355765,0.080180,2
0.342300,0.182975,2
0.103001,0.560786,3
0.441609,0.218679,2
0.357698,0.076698,2
1.057319,0.846178,0
0.927734,0.706846,0
0.127312,0.587822,3
0.581536,0.818329,1
0.137856,0.652527,3
0.391543,0.254948,2
0.117215,0.616404,3
0.082739,0.563609,3
0.371407,0.243146,2
0.515811,0.789153,1
0.637862,0.868698,1
0.106390,0.478438,3
0.132733,0.562566,3
0.994894,0.854005,0
0.933415,0.837314,0
0.486478,0.196073,2
0.479529,0.145786,2
0.033449,0.492714,3
0.092854,0.603753,3
0.373364,0.202532,2
0.966892,0.826433,0
0.207440,0.531474,3
0.916401,0.881122,0
0.928791,0.914796,0
0.947199,0.868141,0
0.410522,0.111738,2
0.380375,0.209735,2
0.502471,0.151963,2
0.179340,0.469731,3
0.442368,0.068886,2
0.933394,0.875568,0
0.087144,0.595176,3
0.592964,0.696355,1
0.154040,0.544540,3
0.935672,0.817629,0
0.039462,0.495987,3
0.375550,0.180727,2
0.437503,0.713573,1
0.579218,0.799879,1
0.116779,0.422136,3
0.890052,0.798671,0
0.409952,0.284430,2
0.418993,0.878619,1
0.192628,0.573058,3
0.189665,0.598316,3
0.518281,0.133339,2
0.864932,0.861773,0
0.430692,0.188467,2
0.576912,0.682498,1
0.351436,0.094530,2
0.630723,0.783809,1
0.523210,0.888197,1
0.579882,0.828639,1
0.980288,0.769732,0
0.096474,0.429010,3
0.936489,0.780019,0
0.101368,0.568141,3
0.983781,0.722113,0
0.631290,0.794829,1
0.346670,0.175505,2
0.346020,0.258112,2
0.498407,0.783704,1
0.355162,0.256484,2
0.577603,0.748409,1
0.218057,0.590731,3
0.966463,0.749806,0
0.465155,0.890789,1
0.426413,0.195592,2
0.117265,0.516473,3
0.516443,0.704643,1
0.597022,0.750070,1
0.080367,0.543081,3
1.064731,0.807122,0
0.292972,0.141852,2
0.620465,0.869380,1
0.490775,0.880477,1
0.898978,0.943017,0
0.317761,0.150556,2
1.016557,0.698093,0
1.057565,0.840884,0
0.547922,0.836416,1
0.120222,0.451634,3
0.979302,0.837626,0
0.056499,0.490962,3
0.594775,0.800675,1
0.570582,0.781240,1
0.110822,0.623306,3
0.381037,0.202285,2
0.441302,0.182393,2
0.624082,0.841487,1
0.932078,0.847909,0
0.415138,0.130240,2
0.195071,0.498775,3
0.511854,0.880051,1
0.357970,0.147818,2
0.568702,0.772560,1
0.382457,0.064555,2
0.321831,0.114269,2
0.997645,0.920729,0
1.028536,0.816589,0
0.948316,0.775392,0
0.521788,0.865519,1
0.394832,0.345631,-1
0.910360,0.771960,0
0.494678,0.864232,1
0.865940,0.871456,0
0.139215,0.529751,3
0.292606,0.440764,-1
0.516853,0.761015,1
0.427269,0.284548,2
0.380496,0.219775,2
0.954623,0.810125,0
0.161570,0.557155,3
0.326486,0.137472,2
0.873727,0.807901,0
0.979322,0.869076,0
0.988873,0.922424,0
0.938529,0.806930,0
0.527546,0.832222,1
0.984588,0.807830,0
0.451708,0.141422,2
0.494619,0.782915,1
0.032757,0.476890,3
0.328218,0.197771,2
0.352308,0.188346,2
0.575568,0.792775,1
0.105718,0.535331,3
0.886015,0.799404,0
1.075351,0.820384,0
0.919955,0.805533,0
0.224370,0.486724,3
0.425329,0.209820,2
1.013684,0.802564,0
0.925634,0.821215,0
0.307009,0.213678,2
0.554121,0.801692,1
0.096033,0.636387,3
0.572906,0.749060,1
0.959004,0.768118,0
0.575699,0.781527,1
0.271220,0.077777,2
0.919413,0.853987,0
0.436109,0.142116,2
0.000667,0.519564,3
0.100922,0.518543,3
1.013665,0.867978,0
0.491433,0.188205,2
0.098576,0.662824,3
0.423171,0.153125,2
0.886419,0.960808,0
0.950687,0.808924,0
0.370497,0.240073,2
0.929764,0.841363,0
0.409644,0.116274,2
0.402059,0.122280,2
0.396659,0.177017,2
0.081014,0.578860,3
0.374042,0.170992,2
0.178202,0.532889,3
0.589420,0.838671,1
0.305842,0.229637,2
0.912599,0.789340,0
0.152205,0.549317,3
0.638474,0.817586,1
0.586704,0.848448,1
0.142676,0.489444,3
0.174102,0.586176,3
0.170111,0.544348,3
0.283518,0.186280,2
0.533840,0.754030,1
0.763093,0.917121,-1
0.931675,0.805547,0
0.613823,0.840410,1
0.488787,0.768937,1
0.576205,0.758197,1
0.156844,0.581931,3
0.442731,0.032231,2
0.384794,0.061630,2
0.090218,0.650971,3
0.607814,0.792302,1
0.255276,0.569173,3
1.018622,0.844582,0
1.108261,0.758692,-1
0.112756,0.559870,3
0.492857,0.717544,1
0.574884,0.724218,1
0.856621,0.872924,0
0.607875,0.839631,1
0.116044,0.512462,3
0.689347,0.794268,1
0.469974,0.193158,2
0.533293,0.811257,1
0.363818,0.173911,2
0.311995,0.101214,2
0.255495,0.195611,2
0.553946,0.811242,1
0.433803,0.162166,2
0.309141,0.223008,2
0.315234,0.156212,2
0.101780,0.562156,3
0.574839,0.650848,1
0.092676,0.458535,3
0.902150,0.757008,0
0.340132,0.017386,2
0.169175,0.474667,3
0.909729,0.757746,0
1.049129,0.870973,0
0.602671,0.739768,1
0.503567,0.259066,2
0.936162,0.761487,0
0.548227,0.817655,1
0.191688,0.485248,3
0.070335,0.556360,3
0.488902,0.876262,1
0.584610,0.759851,1
0.394635,0.029266,2
0.964796,0.831726,0
0.132886,0.592139,3
0.590827,0.822631,1
0.115707,0.461806,3
0.548920,0.863034,1
1.011082,0.869707,0
0.390414,0.115625,2
0.386174,0.145923,2
0.975821,0.786674,0
0.049963,0.573758,3
0.385154,0.133521,2
0.878641,0.827138,0
0.325386,0.204828,2
0.540065,0.776713,1
0.027949,0.523563,3
1.002389,0.699322,0
0.065047,0.683835,-1
0.470532,0.083295,2
0.912342,0.815961,0
0.475428,0.700182,1
0.545826,0.694727,1
0.965473,0.950675,0
0.213918,0.566668,3
0.978078,0.763033,0
1.073185,0.782760,0
0.154606,0.522457,3
0.245471,0.520017,3
1.015683,0.819253,0
0.643282,0.757265,1
0.096870,0.533688,3
0.398180,0.142975,2
0.299944,0.114119,2
0.581097,0.786442,1
0.577297,0.744346,1
0.988249,0.835906,0
0.352320,0.229600,2
0.461606,0.096417,2
1.067976,0.872462,0
0.154833,0.504396,3
0.897300,0.870150,0
0.926636,0.847436,0
1.051631,0.829951,0
0.656351,0.770637,1
0.435193,0.184648,2
0.663979,0.723807,1
0.990522,0.892467,0
0.450046,0.268486,2
0.420069,0.233033,2
0.158858,0.640837,3
1.032322,0.832521,0
0.369502,0.085782,2
0.311501,0.180696,2
0.037245,0.568955,3
0.081355,0.557706,3
1.010754,0.799417,0
0.552587,0.805485,1
0.074652,0.588518,3
0.604812,0.770808,1
0.565586,0.793346,1
0.457157,0.147406,2
0.990173,0.834473,0
0.228385,0.510385,3
0.501476,0.850335,1
0.394844,0.219029,2
0.270597,0.091084,2
0.309981,0.166810,2
0.930588,0.890578,0
0.995483,0.835544,0
0.409357,0.108693,2
0.976724,0.907447,0
0.982909,0.903907,0
0.143769,0.563538,3
0.532532,0.812227,1
0.893107,0.838068,0
0.585124,0.877703,1
0.119140,0.461368,3
0.650957,0.739308,1
1.000299,0.771562,0
0.386338,0.311430,2
0.411353,0.156451,2
0.487373,0.868175,1
0.173370,0.713237,-1
0.532996,0.851375,1
0.386888,0.135518,2
0.277197,0.229659,2
0.566831,0.820389,1
1.038823,0.793197,0
0.524780,0.768614,1
0.513152,0.861089,1
0.915509,0.891067,0
0.037293,0.596424,3
0.118771,0.513869,3
0.351767,0.152631,2
0.906216,0.950538,0
0.398737,0.134174,2
1.008790,0.816321,0
0.911718,0.824359,0
1.012466,0.956057,0
0.207584,0.497386,3
0.101871,0.496554,3
0.379744,0.230725,2
0.970646,0.812475,0
0.147681,0.515703,3
0.175721,0.611406,3
0.089676,0.676530,3
0.162805,0.578814,3
0.492875,0.875987,1
0.550941,0.850997,1
0.362965,0.150276,2
0.364988,0.209750,2
1.036026,0.818966,0
0.354960,0.104212,2
0.332179,0.191262,2
0.952736,0.725528,0
0.157808,0.505877,3
0.407968,0.259348,2
0.349135,0.238502,2
0.552927,0.750106,1
0.148151,0.689639,3
0.944033,0.773303,0
0.507884,0.865979,1
0.080840,0.448433,3
0.382645,0.053833,2
0.913519,0.831575,0
0.031248,0.507764,3
0.302941,0.245690,2
0.349466,0.118838,2
0.535203,0.720465,1
0.855056,0.975220,0
0.553329,0.824476,1
0.000000,0.569495,3
0.538355,0.840267,1
0.101926,0.500605,3
0.933463,0.877232,0
0.080164,0.492497,3
0.125032,0.601240,3
0.594393,0.822505,1
1.104893,0.849404,0
0.337020,0.116737,2
0.427081,0.213915,2
0.572694,0.864820,1
0.185248,0.536529,3
0.594637,0.772146,1
0.412687,0.193565,2
0.411168,0.203785,2
1.025264,0.972765,0
0.901489,0.953453,0
0.449458,0.112398,2
0.096380,0.604498,3
0.702703,0.828399,-1
0.899973,0.930873,0
0.375902,0.778759,1
0.430928,0.166369,2
0.899679,0.900798,0
0.344209,0.244741,2
0.447924,0.075318,2
0.195506,0.505700,3
0.338019,0.162523,2
0.374815,0.251398,2
0.528825,0.795899,1
0.453758,0.144207,2
0.088037,0.558945,3
0.918832,0.844729,0
0.324184,0.209743,2
0.389057,0.096588,2
0.936151,0.856558,0
0.586005,0.649466,1
0.372031,0.143833,2
0.333550,0.309463,2
0.958218,0.893484,0
0.283652,0.179769,2
0.901522,0.805963,0
0.549598,0.788506,1
0.866911,0.903730,0
0.280824,0.277311,-1
0.924818,0.756268,0
0.642812,0.928427,-1
0.529785,0.734072,1
0.598473,0.912155,1
0.433646,0.179692,2
0.975273,0.824315,0
0.984697,0.902926,0
0.047415,0.639765,3
0.032809,0.634242,3
0.603563,0.751971,1
0.540731,0.814968,1
0.581284,0.759613,1
0.156440,0.511593,3
0.989193,0.770292,0
0.497156,0.839324,1
0.883801,0.898878,0
0.582033,0.934289,1
1.057568,0.840663,0
0.973395,0.823017,0
0.296309,0.117345,2
0.348883,0.099518,2
0.923315,0.877270,0
0.031294,0.559014,3
0.123217,0.598012,3
0.085680,0.441096,3
0.246978,0.151823,2
0.145109,0.577881,3
0.528500,0.829892,1
0.317882,0.183637,2
0.381702,0.213959,2
0.164219,0.471944,3
0.608036,0.790183,1
1.088672,0.830139,0
0.193544,0.504816,3
1.017804,0.862538,0
0.160097,0.501440,3
0.381897,0.127861,2
0.470089,0.142252,2
0.042954,0.593476,3
0.161127,0.590266,3
0.394926,0.142142,2
0.140468,0.541344,3
0.504651,0.745615,1
0.025407,0.599239,3
0.631435,0.627251,-1
0.524731,0.701497,1
0.159387,0.461294,3
0.505480,0.773218,1
0.371929,0.087590,2
0.495433,0.785322,1
0.951591,0.978446,0
0.350292,0.268361,2
0.577958,0.714525,1
0.544553,0.793908,1
0.509296,0.844310,1
0.098371,0.351279,-1
0.491552,0.261048,2
0.558355,0.718738,1
0.536096,0.794104,1
0.598745,0.767053,1
0.089995,0.457630,3
0.924065,0.804671,0
0.083676,0.557859,3
0.555408,0.831658,1
0.027484,0.580989,3
0.927861,0.848481,0
0.443429,0.163935,2
0.586990,0.796780,1
1.036253,0.750460,0
0.081900,0.513133,3
1.027829,0.790430,0
0.551937,0.829359,1
0.360839,0.134611,2
0.232568,0.554353,3
0.867393,0.844476,0
0.501101,0.740944,1
0.999040,0.824418,0
0.387189,0.131643,2
0.432928,0.238582,2
0.379190,0.217164,2
0.611840,0.850979,1
0.945710,0.754266,0
0.992302,0.866673,0
0.069238,0.440092,3
0.897597,0.877037,0
0.186961,0.511308,3
0.629098,0.857034,1
0.614285,0.759191,1
0.953444,0.858556,0
0.168133,0.478132,3
0.143712,0.648704,3
0.358432,0.248574,2
0.511171,0.709197,1
0.402752,0.111279,2
0.130617,0.542753,3
0.627369,0.836056,1
0.363560,0.080369,2
0.994561,0.814006,0
0.831202,0.882820,0
0.083532,0.461571,3
0.880393,0.886425,0
0.415018,0.065252,2
0.367387,0.262849,2
0.586589,0.872259,1
0.147104,0.446079,3
0.878173,0.788727,0
0.133817,0.516733,3
0.160842,0.610975,3
0.893011,0.930409,0
0.343195,0.125177,2
0.190058,0.264370,-1
0.036128,0.504427,3
0.541568,0.625411,-1
0.912724,0.873990,0
0.481537,0.211450,2
0.381409,0.247280,2
0.567185,0.820337,1
0.512398,0.799270,1
0.266914,0.187676,2
0.417544,0.187298,2
0.500910,0.813671,1
0.194422,0.559215,3
0.925101,0.871100,0
0.079557,0.481693,3
0.528651,0.758573,1
0.446361,0.271451,2
0.933489,0.703257,0
0.118870,0.446562,3
0.598335,0.712407,1
1.027855,0.846395,0
0.169545,0.539588,3
0.021042,0.574781,3
0.323460,0.164777,2
0.103746,0.470570,3
0.160187,0.647591,3
0.054507,0.525054,3
0.873138,0.840486,0
0.465824,0.096865,2
0.966406,0.866669,0
0.491273,0.783243,1
0.023990,0.509965,3
0.468195,0.825643,1
0.525463,0.842951,1
0.959506,0.891129,0
0.272696,0.601241,-1
0.310829,0.137317,2
0.113781,0.718991,-1
0.188998,0.527890,3
0.368195,0.240683,2
0.310795,0.197560,2
0.162385,0.629230,3
0.878767,0.803226,0
0.368157,0.267287,2
1.042020,0.812196,0
1.004451,0.771374,0
1.013891,0.870881,0
1.043164,0.821399,0
0.458516,0.733906,1
0.582895,0.659337,1
0.375574,0.063986,2
0.416567,0.184529,2
1.010526,0.894990,0
0.095563,0.593905,3
0.131409,0.462072,3
0.215755,0.548775,3
0.357712,0.267263,2
0.237090,0.225794,2
0.667819,0.696215,1
0.945984,0.914668,0
0.100855,0.507962,3
0.531754,0.796078,1
0.434567,0.106263,2
0.527098,0.892293,1
0.344989,0.056071,2
0.969076,0.769814,0
0.143615,0.528246,3
0.161065,0.540421,3
0.864512,0.776228,0
0.964646,0.844094,0
1.094249,0.858066,0
0.067884,0.524992,3
0.092778,0.569670,3
0.135392,0.440193,3
0.313958,0.171089,2
0.314810,0.090676,2
0.945918,0.826551,0
0.159736,0.536548,3
0.418277,0.088820,2
0.387775,0.197178,2
0.399991,0.176152,2
0.181349,0.564173,3
0.442663,0.190993,2
0.483681,0.815506,1
1.026667,0.836594,0
0.156899,0.487446,3
0.844517,0.838892,0
0.092608,0.573661,3
1.024302,0.872140,0
0.902705,0.744787,0
0.505299,0.824844,1
0.968801,0.752278,0
0.530640,0.829375,1
0.129620,0.514178,3
0.117490,0.521108,3
0.322699,0.223078,2
0.565150,0.843495,1
0.603405,0.868823,1
0.939965,0.838945,0
0.353903,0.150834,2
0.149559,0.658992,3
0.120993,0.535401,3
0.123810,0.548532,3
0.263707,0.152520,2
0.152253,0.644044,3
0.283214,0.179051,2
0.118051,0.582218,3
0.129693,0.418306,3
0.527946,0.781404,1
0.939890,0.820678,0
0.187018,0.480632,3
0.057694,0.505459,3
1.018453,0.746636,0
0.928971,0.880011,0
0.906749,0.949838,0
0.326370,0.207080,2
0.440907,0.127974,2
0.423345,0.177484,2
0.168653,0.534962,3
0.893023,0.833162,0
0.160152,0.595893,3
0.457027,0.780950,1
0.298324,0.188399,2
0.575999,0.839630,1
0.426245,0.153568,2
0.916166,0.869171,0
0.905254,0.947679,0
0.347959,0.223812,2
0.494647,0.187175,2
0.545199,0.704973,1
0.510941,0.824272,1
0.962698,0.833847,0
0.281817,0.007466,-1
0.552068,0.671876,1
0.305731,0.202309,2
0.943386,0.740173,0
0.409998,0.131751,2
0.931411,0.792164,0
0.100905,0.534343,3
0.105348,0.475652,3
0.995079,0.888441,0
0.175761,0.596435,3
0.055545,0.535066,3
1.007938,0.899298,0
0.445208,0.186372,2
0.447522,0.853217,1
0.664134,0.756501,1
0.181516,0.467716,3
0.350611,0.202485,2
0.543537,0.769373,1
0.025544,0.623084,3
0.369949,0.282524,2
1.018324,0.818690,0
0.559283,0.774750,1
0.092013,0.511028,3
0.432300,0.049347,2
0.373143,0.199272,2
0.852496,0.877066,0
0.615315,0.802122,1
0.559601,0.723552,1
0.412953,0.256942,2
0.587417,0.718199,1
0.523785,0.636911,-1
0.349614,0.165692,2
0.954566,0.864118,0
0.109802,0.544422,3
0.336001,0.142500,2
0.415103,0.123532,2
0.137896,0.504180,3
0.066200,0.584139,3
0.460787,0.687711,1
0.145838,0.497227,3
0.178613,0.565542,3
0.048420,0.546657,3
0.223391,0.231577,2
0.821783,0.783998,0
0.393134,0.192918,2
0.165015,0.570054,3
0.523215,0.734149,1
0.593998,0.819702,1
0.482534,0.875067,1
0.761450,0.778493,-1
0.975613,0.898538,0
0.094561,0.491091,3
0.232126,0.603485,3
0.960698,0.780961,0
0.596886,0.765594,1
0.949701,0.786599,0
0.943220,0.822444,0
0.936010,0.862880,0
0.943758,0.810265,0
0.657357,0.823365,1
1.010509,0.808141,0
0.480302,0.800786,1
0.099565,0.575580,3
0.359241,0.200690,2
0.095875,0.459383,3
0.919246,0.815878,0
0.113428,0.551826,3
1.035548,0.865989,0
0.888092,0.818976,0
0.188572,0.566329,3
0.345919,0.179877,2
1.031347,0.847629,0
0.113144,0.524557,3
0.146363,0.519663,3
0.912384,0.835768,0
0.060793,0.547437,3
0.314201,0.221155,2
0.393678,0.232951,2
0.923978,0.840741,0
0.475896,0.819855,1
0.177185,0.611017,3
0.168738,0.589203,3
0.098219,0.577367,3
1.008584,0.855631,0
0.023155,0.577177,3
0.387345,0.253104,2
0.413630,0.153141,2
0.927623,0.901745,0
0.407150,0.194674,2
1.026907,0.774879,0
0.128261,0.471250,3
0.107245,0.589295,3
0.367909,0.221631,2
0.085615,0.634429,3
0.897717,0.869173,0
0.631293,0.724894,1
0.343059,0.282175,2
0.946236,0.754870,0
0.589144,0.830651,1
0.558201,0.763220,1
0.586975,0.803126,1
0.454357,0.306434,2
0.538660,0.694722,1
0.115353,0.566743,3
0.544157,0.687695,1
0.483431,0.863132,1
1.037162,0.845009,0
0.201241,0.617900,3
0.391073,0.124354,2
0.904289,0.853025,0
0.636459,0.840686,1
0.472459,0.770820,1
0.157164,0.589354,3
1.039260,0.878130,0
0.492810,0.670274,1
0.339431,0.149648,2
0.383235,0.164122,2
0.582088,0.868030,1
0.901542,0.860850,0
0.058315,0.560795,3
0.091934,0.477290,3
0.496618,0.145630,2
0.447393,0.920711,-1
0.111265,0.563086,3
0.309856,0.150868,2
0.914340,0.878654,0
1.008428,0.952244,0
0.390844,0.246803,2
0.556553,0.832491,1
0.078403,0.529697,3
0.909909,0.832979,0
0.938555,0.782016,0
0.931955,0.835518,0
0.178124,0.540267,3
0.114935,0.483192,3
0.439259,0.801998,1
0.611895,0.850858,1
0.320553,0.105206,2
0.514931,0.779229,1
0.349494,0.170501,2
1.062663,0.726196,0
0.339522,0.105953,2
0.392372,0.179540,2
0.406505,0.208194,2
1.030654,0.815379,0
0.032476,0.524803,3
0.768332,0.925454,-1
0.466596,0.119027,2
0.013838,0.464719,3
0.126925,0.565314,3
0.276318,0.162988,2
0.401689,0.107185,2
0.335939,0.265286,2
0.563698,0.773642,1
0.092980,0.485662,3
0.577843,0.733524,1
0.604179,0.790793,1
0.978569,0.915467,0
0.399506,0.120989,2
0.990832,0.755746,0
0.377515,0.210128,2
0.331324,0.221261,2
0.933609,0.909970,0
0.884276,0.793187,0
0.525655,0.739952,1
0.880102,0.821205,0
0.122087,0.585386,3
0.418053,0.719832,1
0.077952,0.528085,3
0.480601,0.763021,1
0.463099,0.678157,1
0.903996,0.907010,0
0.711680,0.676606,-1
0.426500,0.194313,2
0.541053,0.786703,1
0.541698,0.781221,1
0.323456,0.220797,2
0.566834,0.801675,1
0.402401,0.188104,2
0.928939,0.820899,0
0.945750,0.835142,0
0.481963,0.836772,1
0.429696,0.188166,2
0.317831,0.172113,2
0.308143,0.226230,2
0.143412,0.595475,3
0.577770,0.853911,1
0.380500,0.200249,2
0.581867,0.753518,1
0.583489,0.729580,1
0.520612,0.846585,1
0.956350,0.787287,0
0.365507,0.149173,2
0.391809,0.249342,2
0.567370,0.850554,1
0.061045,0.595983,3
0.031851,0.556308,3
0.140340,0.447939,3
0.000000,0.570816,3
0.599047,0.826203,1
0.452399,0.173723,2
0.094637,0.746188,-1
0.438732,0.093742,2
1.068755,0.870767,0
0.372412,0.150480,2
0.489479,0.813393,1
0.436484,0.834407,1
0.057802,0.553461,3
0.466496,0.094709,2
0.554865,0.864368,1
0.438627,0.167237,2
0.514702,0.830740,1
0.314148,0.287667,2
0.115857,0.518883,3
0.262019,0.214638,2
0.539183,0.807618,1
0.363405,0.107242,2
0.503131,0.845078,1
0.869311,0.797866,0
0.456696,0.149900,2
0.042250,0.571735,3
0.907826,0.866778,0
0.265615,0.170538,2
0.970567,0.873146,0
0.938068,0.816919,0
0.924957,0.747687,0
0.329885,0.308250,2
0.115986,0.562729,3
0.308440,0.080827,2
0.397093,0.236200,2
0.000000,0.566265,3
0.489252,0.835397,1
0.598526,0.983038,-1
0.518651,0.748814,1
0.113786,0.481582,3
0.276737,0.182914,2
0.882377,0.820783,0
0.000000,0.467067,3
0.551630,0.860029,1
0.539671,0.717256,1
0.568707,0.778183,1
0.257837,0.447101,3
0.073116,0.486049,3
0.405067,0.867829,1
0.113108,0.435415,3
0.563841,0.830912,1
0.600887,0.771036,1
0.984235,0.766097,0
0.112644,0.505823,3
0.501834,0.852739,1
0.525334,0.785122,1
0.427048,0.060131,2
1.030040,0.903494,0
0.245285,0.490658,3
0.961704,0.894644,0
0.003022,0.443881,3
0.344591,0.146329,2
0.642837,0.809012,1
0.514808,0.779926,1
0.627726,0.774618,1
0.110410,0.565715,3
0.869836,0.900627,0
0.422907,0.178870,2
0.356806,0.178500,2
0.408521,0.232851,2
0.792261,0.940665,-1
0.934899,0.866162,0
0.616965,0.805653,1
0.444473,0.120978,2
0.398732,0.151760,2
0.549640,0.816085,1
0.173958,0.526806,3
0.533172,0.854483,1
0.146618,0.598488,3
0.868141,0.908446,0
0.527408,0.885580,1
0.536030,0.786745,1
0.209192,0.538831,3
0.304407,0.245363,2
0.300070,0.133380,2
0.438990,0.195639,2
0.919760,0.817529,0
0.933061,0.938742,0
0.947334,0.858326,0
0.654296,0.800426,1
1.091388,0.789998,0
0.973099,0.864120,0
0.609665,0.791586,1
0.122402,0.496064,3
0.944578,0.854466,0
0.107141,0.491408,3
0.338884,0.226171,2
0.095100,0.477246,3
0.611792,0.931290,1
0.383349,0.098816,2
0.184730,0.640324,3
0.393860,0.119885,2
0.323501,0.227403,2
0.409127,0.194101,2
0.121255,0.412883,3
0.928024,0.931683,0
0.481718,0.785373,1
0.472826,0.706136,1
0.140508,0.451069,3
0.977654,0.872075,0
0.132651,0.503824,3
0.569072,0.812079,1
0.488571,0.774026,1
1.043390,0.686615,0
0.888684,0.910640,0
0.474583,0.865837,1
0.491262,0.227604,2
0.924419,0.760884,0
0.523083,0.756490,1
0.434554,0.848383,1
0.123306,0.441929,3
0.566422,0.793108,1
0.187616,0.440487,3
0.188886,0.473007,3
0.918215,0.829115,0
0.130057,0.599690,3
0.121682,0.511038,3
0.335238,0.174315,2
0.931083,0.861505,0
0.942424,0.866709,0
0.264043,0.207416,2
0.600868,0.798697,1
0.533508,0.751423,1
0.964877,0.776653,0
0.923456,0.842579,0
0.462429,0.169000,2
0.510188,0.825958,1
0.429060,0.689383,1
1.002388,0.831188,0
0.382400,0.097017,2
0.975417,0.826688,0
0.118886,0.535797,3
1.017286,0.824210,0
0.194092,0.486485,3
0.190059,0.645670,3
0.945781,0.844605,0
0.604729,0.821879,1
0.066168,0.597534,3
0.075123,0.540296,3
0.085450,0.575460,3
0.387022,0.140158,2
0.918722,0.815157,0
0.468874,0.108396,2
0.156897,0.534901,3
0.621589,0.688315,1
0.991723,0.813477,0
0.359814,0.252583,2
0.313385,0.286309,2
0.175967,0.603524,3
0.460957,0.256482,2
0.000000,0.477362,3
0.541041,0.867011,1
0.398358,0.236705,2
0.070848,0.496120,3
0.151968,0.523510,3
0.283632,0.121475,2
0.044311,0.603247,3
0.436835,0.315571,2
0.898711,0.883907,0
0.408039,0.164471,2
0.594477,0.806020,1
0.100870,0.603360,3
0.133767,0.577577,3
0.903475,0.929083,0
0.362143,0.135371,2
0.249786,0.188542,2
0.822125,0.826310,0
0.338733,0.151144,2
0.399532,0.126362,2
0.624821,0.887284,1
0.192404,0.491734,3
0.349553,0.221757,2
0.652925,0.851253,1
0.170764,0.541200,3
0.160233,0.528476,3
0.968357,0.881725,0
0.078705,0.530916,3
0.012628,0.450957,3
1.002698,0.846410,0
1.026025,0.852691,0
0.289723,0.133944,2
0.355953,0.105204,2
0.156288,0.441580,3
0.346563,0.203421,2
0.366606,0.168423,2
0.587027,0.805837,1
0.100739,0.511080,3
0.385283,0.034263,2
0.492218,0.957250,-1
0.138997,0.614774,3
0.397589,0.191647,2
0.877120,0.924385,0
0.125935,0.423656,3
0.942079,0.808055,0
0.423006,0.143397,2
0.944334,0.815470,0
0.899000,0.742382,0
0.174404,0.589740,3
0.948405,0.916003,0
0.556615,0.805049,1
0.313825,0.089932,2
0.946030,0.803463,0
0.321103,0.208781,2
0.474495,0.720955,1
0.933412,0.871861,0
0.189477,0.619183,3
0.547783,0.740329,1
0.169279,0.534834,3
0.512069,0.801934,1
0.658132,0.801658,1
0.854448,0.952831,0
0.986804,0.764380,0
0.232691,0.558062,3
0.995083,0.895077,0
0.997141,0.868411,0
0.572217,0.734940,1
0.990667,0.842099,0
0.528258,0.780608,1
0.166135,0.524837,3
0.961064,0.790586,0
1.003340,0.911735,0
0.010529,0.628260,3
0.323306,0.043503,2
0.965952,0.856776,0
0.340498,0.167945,2
0.130493,0.529506,3
0.982764,0.833777,0
0.122529,0.568640,3
0.495715,0.229873,2
0.475866,0.773368,1
0.458725,0.217657,2
0.396842,0.196897,2
0.593945,0.759043,1
0.134779,0.521430,3
0.922990,0.831225,0
0.250296,0.501184,3
0.623383,0.876709,1
0.497366,0.835274,1
0.253025,0.145398,2
0.839920,0.874151,0
0.546612,0.750025,1
0.106429,0.501185,3
0.555052,0.850767,1
0.960627,0.825528,0
0.564652,0.861144,1
0.182868,0.488394,3
0.165490,0.592345,3
0.295925,0.182723,2
0.256528,0.598906,-1
0.868338,0.903185,0
0.978743,0.777122,0
0.127380,0.617064,3
0.169511,0.602595,3
0.128045,0.527232,3
0.126892,0.605624,3
0.441274,0.706863,1
0.896279,0.828670,0
0.911542,0.849206,0
0.995069,0.760612,0
0.172759,0.430766,3
0.638218,0.865178,1
0.543414,0.855979,1
0.136256,0.497278,3
0.091193,0.569375,3
0.929700,0.734565,0
0.544929,0.793498,1
0.576168,0.775473,1
0.918414,0.753478,0
0.855971,0.835158,0
0.478692,0.805058,1
0.144793,0.610147,3
0.950134,0.831424,0
0.955511,0.767210,0
0.545024,0.720240,1
1.035183,0.895172,0
0.903537,0.859668,0
0.516079,0.831392,1
0.873370,0.836664,0
0.283666,0.192948,2
0.944174,0.926186,0
1.027939,0.704052,0
0.521900,0.829478,1
0.587107,0.819424,1
0.960510,0.785312,0
0.590345,0.839436,1
0.189581,0.531429,3
0.765711,0.753801,-1
1.036842,0.731570,0
0.101468,0.525926,3
0.536068,0.809583,1
0.144347,0.535382,3
0.525396,0.770618,1
0.142572,0.444054,3
0.615052,0.878350,1
0.591477,0.862117,1
0.039521,0.537711,3
0.909320,0.816889,0
1.084340,0.911656,-1
0.131932,0.545757,3
0.447360,0.197338,2
0.064970,0.414441,3
0.902189,0.837540,0
0.384688,0.114875,2
0.406152,0.084674,2
0.901140,0.806474,0
0.953508,0.837974,0
0.530198,0.972571,-1
0.090079,0.518696,3
0.440675,0.861565,1
0.332913,0.193885,2
0.142203,0.612224,3
0.177194,0.524755,3
1.020149,0.731836,0
0.629905,0.770859,1
0.521474,0.760484,1
0.191312,0.492642,3
0.314047,0.256873,2
0.185371,0.631289,3
0.523673,0.862505,1
0.499343,0.810015,1
0.339924,0.201165,2
0.485898,0.149407,2
0.454025,0.204001,2
0.363366,0.158142,2
0.923732,0.837605,0
0.910575,0.872523,0
0.349035,0.142070,2
0.058977,0.565731,3
0.152902,0.483681,3
0.145192,0.354344,-1
0.150501,0.571807,3
0.475579,0.751720,1
0.921244,0.786184,0
0.704605,0.835314,-1
0.545865,0.680222,1
0.876429,0.804393,0
1.001388,0.885106,0
0.355794,0.114295,2
0.417476,0.778743,1
1.023339,0.873747,0
0.000000,0.527117,3
0.554490,0.766319,1
0.515203,0.813183,1
0.523970,0.872036,1
0.999078,0.830031,0
0.905700,0.967082,0
0.539094,0.730157,1
0.458114,0.199513,2
0.980341,0.823433,0
0.899289,0.970240,0
0.542641,0.848415,1
0.185696,0.590453,3
0.083533,0.522865,3
0.009538,0.587874,3
0.357236,0.123680,2
0.387346,0.140722,2
0.548282,0.775660,1
0.524002,0.861241,1
1.002754,0.917060,0
0.830974,0.766940,0
1.019063,0.821859,0
0.860814,0.714441,0
0.638706,0.639411,-1
0.873514,0.896292,0
0.403293,0.162461,2
0.463344,0.795923,1
0.394057,0.161072,2
0.459079,0.115057,2
0.965347,0.848545,0
0.584527,0.771351,1
0.316299,0.088490,2
0.158293,0.691636,3
0.302903,0.139938,2
0.093001,0.428383,3
0.167305,0.613694,3
0.406147,0.226169,2
0.932145,0.880374,0
0.522467,0.163390,2
0.599619,0.814821,1
0.084892,0.596223,3
0.499321,0.858105,1
0.000000,0.462390,3
0.112386,0.499651,3
0.503829,0.819798,1
0.607763,0.779298,1
1.026003,0.822993,0
0.914455,0.767045,0
0.428167,0.259581,2
0.561429,0.784113,1
0.885986,0.843569,0
0.809723,0.817824,0
0.313982,0.094283,2
0.127994,0.655305,3
0.333739,0.104537,2
0.998430,0.776176,0
0.244539,0.162921,2
0.523402,0.801774,1
0.503115,0.177847,2
0.351776,0.249193,2
0.195764,0.591408,3
0.340153,0.105717,2
0.494750,0.716558,1
0.494564,0.225626,2
0.175009,0.563662,3
0.068000,0.479725,3
0.340652,0.129839,2
0.640527,0.810840,1
0.285389,0.223153,2
0.319734,0.146739,2
0.886758,0.773716,0
0.130924,0.477795,3
0.886057,0.760632,0
0.872973,0.796034,0
0.576048,0.711096,1
0.094125,0.572513,3
1.014004,0.843718,0
0.122670,0.394344,3
0.310614,0.225551,2
0.333396,0.000000,2
0.599980,0.825709,1
0.976348,0.862706,0
0.130155,0.548627,3
0.300653,0.209180,2
0.399851,0.719200,1
0.263879,0.229965,2
0.000000,0.526650,3
0.364813,0.166404,2
0.564191,0.821853,1
0.617648,0.689241,1
0.425848,0.294905,2
0.269636,0.125992,2
0.338845,0.127593,2
0.901460,0.877151,0
0.550938,0.818318,1
0.478619,0.138977,2
0.410500,0.819619,1
0.915222,0.789158,0
0.121063,0.507434,3
0.578364,0.815646,1
0.649840,0.815301,1
0.133405,0.543772,3
0.197684,0.610321,3
0.476133,0.266193,2
0.422879,0.137820,2
0.117660,0.495782,3
0.076842,0.523737,3
0.370447,0.097939,2
0.887727,0.815872,0
0.294704,0.285750,2
0.168675,0.552429,3
1.029252,0.839040,0
0.442105,0.136104,2
0.007145,0.500766,3
0.467376,0.780729,1
0.516647,0.723459,1
0.532717,0.241868,-1
0.435182,0.209979,2
0.316640,0.117720,2
0.532175,0.765047,1
0.526250,0.858039,1
0.946289,0.839933,0
0.621089,0.787474,1
0.649430,0.840339,1
1.006318,0.904867,0
0.107543,0.498331,3
0.402155,0.186525,2
0.924070,0.814719,0
0.983092,0.921057,0
0.338032,0.307233,2
0.323747,0.033505,2
0.484792,0.734846,1
0.236622,0.486746,3
0.147618,0.684135,3
0.545099,0.843017,1
1.025106,0.962259,0
0.915466,0.801613,0
1.001983,0.785192,0
0.064765,0.521415,3
0.954277,0.853107,0
0.158356,0.549591,3
0.555290,0.765058,1
0.814069,0.829226,0
0.623653,0.734225,1
0.435448,0.215316,2
0.983626,0.918307,0
0.462477,0.843886,1
0.097523,0.563862,3
1.010169,0.825376,0
0.504156,0.828430,1
0.475999,0.820748,1
0.410305,0.246137,2
0.588941,0.725981,1
0.159624,0.430280,3
0.199899,0.603744,3
0.497518,0.724190,1
0.938854,0.805372,0
0.378244,0.193123,2
0.401628,0.042425,2
0.955251,0.838354,0
0.503750,0.808471,1
0.960413,0.880685,0
0.063944,0.558705,3
0.512034,0.158782,2
0.097965,0.487369,3
0.000000,0.514915,3
0.266800,0.055034,2
0.550365,0.768271,1
0.291182,0.063831,2
0.594262,0.789444,1
0.095682,0.587798,3
0.408561,0.259554,2
0.893753,0.759332,0
0.488548,0.890152,1
0.346139,0.247641,2
0.927543,0.865009,0
0.069042,0.584078,3
0.319509,0.168064,2
0.609586,0.722399,1
0.868137,0.882323,0
0.381214,0.107546,2
0.080078,0.615233,3
0.119834,0.416631,3
0.119812,0.648172,3
0.364327,0.262149,2
0.952110,0.875254,0
0.237606,0.537242,3
0.966892,0.778800,0
0.313294,0.118035,2
0.404581,0.095978,2
0.385375,0.151580,2
0.093948,0.631777,3
0.249805,0.109709,2
0.957104,0.837958,0
0.330171,0.230885,2
0.624959,0.717584,1
0.123746,0.450625,3
0.320153,0.130602,2
0.515709,0.825446,1
1.013881,0.887758,0
0.161045,0.640259,3
0.323010,0.014195,2
0.561191,0.791782,1
0.133590,0.536966,3
0.541022,0.850376,1
1.022737,0.976405,0
0.443461,0.141576,2
0.000000,0.401655,-1
0.016280,0.552586,3
0.377357,0.095771,2
0.403698,0.257088,2
0.970715,0.882490,0
0.547989,0.892994,1
0.150222,0.558429,3
0.620386,0.775983,1
0.366277,0.134565,2
0.607424,0.817788,1
0.153794,0.583512,3
0.070788,0.594925,3
0.129601,0.537479,3
0.162515,0.422617,3
0.457928,0.825402,1
0.492181,0.868813,1
0.441615,0.828417,1
0.114157,0.482120,3
0.431329,0.090812,2
0.569648,0.701464,1
0.418496,0.326481,2
0.407221,0.217592,2
0.353289,0.261964,2
0.181811,0.528950,3
0.389637,0.003667,2
0.586602,0.836563,1
0.506700,0.767930,1
0.967494,0.780249,0
0.325270,0.114159,2
0.162061,0.564697,3
0.945869,0.670386,-1
0.343870,0.140969,2
0.444633,0.207349,2
0.197035,0.153036,-1
0.295461,0.000000,-1
0.402100,0.066994,2
0.253295,0.149199,2
0.904880,0.851115,0
0.094791,0.533156,3
0.345178,0.063139,2
0.754302,0.881068,-1
0.182653,0.537558,3
0.238148,0.482036,3
0.161444,0.563462,3
0.070551,0.560633,3
0.148917,0.641119,3
0.533429,0.744612,1
0.019676,0.454077,3
0.566064,0.775030,1
0.272996,0.263389,-1
0.503407,0.895270,1
0.947835,0.894659,0
0.204323,0.506490,3
0.619911,0.779304,1
0.530077,0.750067,1
0.572105,0.797151,1
0.993812,0.861223,0
0.610754,0.813326,1
0.874652,0.899228,0
0.921318,0.852044,0
0.922549,0.776947,0
0.180870,0.430201,3
0.925625,0.841655,0
0.340039,0.115317,2
0.334714,0.147182,2
0.207634,0.551109,3
0.390930,0.175038,2
0.533053,0.767317,1
0.328624,0.292444,2
0.518882,0.909780,1
0.082807,0.516007,3
0.244609,0.111007,2
0.147427,0.519878,3
0.373893,0.174480,2
0.350507,0.143250,2
0.264907,0.149601,2
0.954971,0.828564,0
0.504227,0.745189,1
0.442428,0.190123,2
0.948622,0.789684,0
0.909150,0.818672,0
0.372876,0.172439,2
0.962908,0.914439,0
0.295190,0.185683,2
0.693481,0.790450,1
0.927075,0.877010,0
0.978795,0.845384,0
0.192208,0.573022,3
0.366021,0.137860,2
0.929380,0.900114,0
0.496585,0.872486,1
0.462240,0.255782,2
0.985330,0.802061,0
0.939541,0.778829,0
0.920089,0.785290,0
0.565268,0.796675,1
0.034587,0.539111,3
1.023597,0.929059,0
0.085837,0.524431,3
0.497244,0.814353,1
0.504526,0.858868,1
0.399893,0.180236,2
0.563603,0.820464,1
1.010794,0.751758,0
0.943898,0.919767,0
0.508310,0.217665,2
0.537481,0.781083,1
0.369024,0.159057,2
0.167912,0.566669,3
0.157527,0.575946,3
0.101582,0.647988,3
0.630745,0.815452,1
0.885336,0.840032,0
1.018018,0.861703,0
0.488623,0.764018,1
0.414634,0.164115,2
0.380648,0.156699,2
0.582723,0.926552,1
0.972712,0.938804,0
0.554736,0.818679,1
0.314815,0.123083,2
0.670471,0.801205,1
0.620820,0.788909,1
0.570784,0.673688,1
0.075756,0.480317,3
0.552843,0.847747,1
0.504966,0.844611,1
1.008090,0.946777,0
1.023508,0.880686,0
0.607994,0.818703,1
0.082785,0.473470,3
0.430517,0.085506,2
0.146500,0.579848,3
0.865225,0.742866,0
0.563272,0.806783,1
0.881906,0.879800,0
0.441416,0.761282,1
0.326541,0.098965,2
0.420668,0.221846,2
0.073484,0.578384,3
0.945386,0.807722,0
0.405851,0.124095,2
0.204592,0.441155,3
0.996662,0.894651,0
0.138512,0.579098,3
0.963688,0.779890,0
0.331564,0.183715,2
0.471676,0.748820,1
0.334996,0.115815,2
0.956795,0.828146,0
0.138853,0.548879,3
0.389863,0.047051,2
0.914226,0.838670,0
0.368466,0.238389,2
0.135340,0.554978,3
0.352583,0.269909,2
0.979891,0.884553,0
0.102312,0.507854,3
0.089946,0.551936,3
0.530382,0.849409,1
0.408152,0.185830,2
0.331817,0.156639,2
0.814580,0.827942,0
1.003513,0.703633,0
0.527081,0.757960,1
0.085350,0.556575,3
0.142969,0.589776,3
0.053522,0.546362,3
0.959504,0.843219,0
0.012572,0.549714,3
0.994046,0.765570,0
0.368476,0.153124,2
0.148483,0.571364,3
0.189407,0.465804,3
0.320106,0.118003,2
0.269856,0.613650,-1
0.316477,0.120157,2
0.361942,0.079247,2
0.539685,0.829977,1
1.003456,0.874179,0
0.346498,0.200801,2
0.934989,0.843451,0
0.095671,0.435752,3
0.580623,0.796992,1
0.422218,0.149813,2
0.368835,0.241035,2
0.237554,0.516777,3
1.046857,0.859691,0
0.386903,0.076987,2
0.488081,0.683502,1
0.066789,0.516982,3
0.907734,0.947812,0
0.415323,0.213473,2
0.928174,0.945325,0
0.173198,0.498825,3
0.097836,0.542082,3
0.330776,0.000000,2
0.520813,0.718612,1
0.514901,0.859062,1
0.510481,0.844468,1
0.514332,0.815338,1
0.996115,0.847080,0
0.923972,0.889245,0
0.170437,0.493272,3
0.112178,0.583207,3
0.499377,0.769486,1
0.233470,0.672743,-1
0.605064,0.781585,1
0.393355,0.811645,1
0.545528,0.762189,1
0.663150,0.861251,1
0.604548,0.710992,1
0.101489,0.471718,3
0.096660,0.604726,3
0.457694,0.229187,2
0.889038,0.910675,0
0.159580,0.516088,3
0.124350,0.526045,3
0.442217,0.722568,1
0.629958,0.874111,1
0.068529,0.534630,3
0.516088,0.764815,1
0.519452,0.806759,1
0.932318,0.783462,0
0.929829,0.898010,0
0.335275,0.268154,2
0.540436,0.862102,1
0.551739,0.718824,1
0.165551,0.512805,3
0.947568,0.898172,0
0.502536,0.142388,2
0.985658,0.868858,0
0.475294,0.810035,1
0.410695,0.178708,2
0.094685,0.625874,3
0.446331,0.149770,2
0.382371,0.219084,2
0.089147,0.451240,3
0.627990,0.846143,1
0.622156,0.779488,1
0.935509,0.933090,0
0.508542,0.775338,1
0.251143,0.607867,3
1.076421,0.808933,0
0.550306,0.720677,1
0.496469,0.881360,1
0.611053,0.856045,1
0.598126,0.787075,1
0.403762,0.100477,2
0.464530,0.147977,2
0.083193,0.531877,3
0.305331,0.157498,2
0.393149,0.181380,2
0.335514,0.173492,2
0.132936,0.565197,3
0.939091,0.826315,0
0.138948,0.550631,3
0.464486,0.801350,1
0.999090,0.855446,0
0.418434,0.161378,2
0.051700,0.616723,3
0.433005,0.049092,2
0.113829,0.598806,3
0.620750,0.792525,1
0.887273,0.870450,0
0.499980,0.840117,1
0.543972,0.857385,1
0.299255,0.178202,2
0.212061,0.560108,3
0.623090,0.618690,-1
0.107577,0.581329,3
0.131226,0.472279,3
0.112004,0.517512,3
0.386865,0.154255,2
0.336958,0.150107,2
0.567392,0.808707,1
0.450067,0.881038,1
0.110119,0.573934,3
0.432872,0.305941,2
0.913301,0.757686,0
0.654980,0.854920,1
0.911002,0.856385,0
0.567243,0.872048,1
0.597868,0.701095,1
0.565894,0.815319,1
0.165003,0.587136,3
0.926912,0.801492,0
0.099358,0.530326,3
0.341799,0.253367,2
0.989253,0.631350,-1
0.871149,0.782578,0
1.085246,0.877808,0
0.103752,0.464032,3
0.146940,0.637050,3
0.914147,0.943338,0
0.989431,0.802452,0
1.031916,0.823006,0
0.057713,0.669321,-1
0.890084,0.922893,0
0.358176,0.093880,2
0.026347,0.554931,3
0.143307,0.570874,3
0.551389,0.860276,1
1.005758,0.960893,0
0.414784,0.151998,2
0.311307,0.104387,2
0.271640,0.188577,2
0.889762,0.842118,0
0.172936,0.417599,3
0.164227,0.560776,3
0.902272,0.820789,0
0.472360,0.804764,1
0.361482,0.207430,2
0.395206,0.235941,2
0.400142,0.241850,2
0.932517,0.841231,0
0.524973,0.871697,1
0.521330,0.120136,2
0.969215,0.861635,0
1.015536,0.772280,0
0.920400,0.929322,0
0.549175,0.844264,1
0.610550,0.854815,1
0.478714,0.178239,2
0.971643,0.890299,0
0.956754,0.925421,0
0.944545,0.946655,0
0.868199,0.857454,0
0.524572,0.847276,1
0.862302,0.858265,0
0.055513,0.591070,3
0.811822,0.802843,0
0.382991,0.247301,2
0.338762,0.234899,2
0.997319,0.940994,0
0.192430,0.511833,3
0.897062,0.860391,0
0.589856,0.718093,1
0.339005,0.185118,2
0.049363,0.485790,3
0.501965,0.795746,1
0.546897,0.772036,1
0.403308,0.299151,2
0.311575,0.202095,2
0.601454,0.775050,1
0.987527,0.741432,0
0.101868,0.623118,3
0.987956,0.768256,0
0.531593,0.785077,1
0.101887,0.503404,3
0.080745,0.528911,3
0.949718,0.825722,0
0.451687,0.810326,1
0.471963,0.691076,1
0.159135,0.500487,3
0.098841,0.612894,3
0.126022,0.441992,3
1.133539,0.818367,0
0.162096,0.118489,-1
0.305264,0.193295,2
0.135694,0.549064,3
0.088187,0.464137,3
0.129096,0.416614,3
1.026521,0.876355,0
0.307433,0.207337,2
0.101970,0.488073,3
0.095989,0.498460,3
0.994125,0.880657,0
0.980374,0.892969,0
0.120999,0.476293,3
0.964937,0.835362,0
0.488140,0.156736,2
0.104541,0.657469,3
0.572087,0.800962,1
0.083169,0.482017,3
0.018128,0.474894,3
0.964993,0.897910,0
0.105691,0.546949,3
0.568445,0.933158,1
0.157631,0.385289,3
0.399516,0.201874,2
0.509962,0.890552,1
0.867000,0.770793,0
0.130836,0.623612,3
0.480499,0.620000,-1
0.908719,0.815751,0
0.852182,0.828195,0
0.330890,0.165094,2
0.261877,0.582963,3
0.533513,0.810890,1
0.561656,0.776180,1
0.174350,0.638305,3
0.481834,0.699622,1
0.148556,0.599533,3
0.946259,0.837546,0
0.318233,0.083401,2
0.907926,0.864874,0
1.002124,0.876980,0
0.863717,0.834097,0
0.990205,0.781570,0
0.575323,0.951398,1
0.442199,0.098044,2
0.474975,0.809626,1
0.607457,0.766864,1
0.048671,0.619780,3
1.004236,0.897375,0
0.364980,0.839318,-1
0.438116,0.145892,2
0.625766,0.809205,1
0.535716,0.799057,1
0.709640,0.754321,-1
0.000000,0.540246,3
0.279369,0.176158,2
0.601809,0.727659,1
0.135243,0.509433,3
0.633747,0.716371,1
0.952862,0.869920,0
0.022248,0.475736,3
0.512730,0.760300,1
0.598139,0.732695,1
1.022776,0.812106,0
0.490931,0.811047,1
0.155456,0.536999,3
0.884955,0.884727,0
0.512536,0.825107,1
0.577045,0.778847,1
0.433737,0.073492,2
0.650553,0.825131,1
0.665703,0.826357,1
0.405828,0.243161,2
0.502296,0.776864,1
0.081832,0.527258,3
0.647076,0.810312,1
0.089272,0.499770,3
0.495269,0.752956,1
0.508821,0.714123,1
0.123550,0.545863,3
0.518933,0.745430,1
0.520087,0.803781,1
0.650517,0.687750,1
0.025293,0.518504,3
0.956617,0.837827,0
0.988123,0.804080,0
0.863640,0.876206,0
1.089319,0.761758,-1
0.450831,0.181544,2
1.014794,0.763518,0
0.081826,0.578713,3
0.558364,0.669742,1
0.923015,0.855398,0
0.382909,0.140482,2
0.516667,0.680167,1
0.502407,0.762419,1
0.624890,0.769677,1
0.625099,0.912022,1
0.946735,0.834062,0
0.667671,0.816997,1
0.424327,0.220036,2
0.906613,0.790672,0
1.000121,0.844238,0
0.417518,0.230875,2
0.970189,0.840313,0
0.533682,0.809122,1
0.609601,0.706551,1
0.123781,0.617741,3
0.462461,0.171386,2
0.159934,0.670325,3
1.063273,0.805401,0
0.981638,0.860149,0
0.395038,0.170900,2
0.462312,0.755026,1
0.335607,0.191690,2
0.426018,0.083037,2
0.077575,0.509207,3
0.946800,0.925981,0
0.131151,0.540418,3
0.964746,0.880389,0
0.957785,0.845891,0
0.365249,0.226244,2
0.413120,0.203374,2
0.419878,0.038700,2
0.947866,0.879809,0
0.357679,0.126070,2
0.947063,0.866239,0
0.373790,0.155200,2
0.965682,0.885023,0
0.516151,0.830912,1
0.047151,0.550375,3
0.526316,0.719844,1
0.091072,0.608509,3
0.390939,0.236740,2
1.071951,0.757955,-1
0.555918,0.855248,1
0.383691,0.158108,2
0.962064,0.745145,0
0.405113,0.223282,2
0.610224,0.756483,1
0.090840,0.565485,3
0.247139,0.566763,3
0.587727,0.743284,1
0.931612,0.784174,0
0.508003,0.758644,1
0.959143,0.751610,0
0.393357,0.255440,2
0.160990,0.564125,3
0.418122,0.976371,-1
0.202120,0.557225,3
0.143771,0.614926,3
0.919932,0.941440,0
0.148382,0.509307,3
0.962935,0.803326,0
0.438874,0.902283,1
0.312710,0.047136,2
0.072464,0.429825,3
0.405425,0.175143,2
1.040245,0.809432,0
0.414801,0.853602,1
0.335613,0.070455,2
0.572005,0.646365,1
0.883469,0.767042,0
0.536234,0.807191,1
0.402779,0.179049,2
0.357895,0.204164,2
0.100319,0.588086,3
0.387889,0.187859,2
0.487591,0.779786,1
0.972222,0.841412,0
0.337459,0.177525,2
0.096278,0.492978,3
0.362420,0.216329,2
0.092164,0.568966,3
1.008455,0.773108,0
0.434050,0.882117,1
0.434721,0.179093,2
0.500425,0.795593,1
0.476406,0.875971,1
0.305009,0.201447,2
0.082732,0.567773,3
0.126596,0.590381,3
0.395912,0.091329,2
0.192523,0.546135,3
0.489207,0.773503,1
0.058199,0.720132,-1
0.938815,0.926860,0
0.891776,0.854732,0
0.566448,0.794639,1
0.943571,0.842419,0
0.424583,0.780549,1
0.982088,0.870431,0
0.169613,0.556577,3
0.500704,0.724071,1
0.942466,1.052943,-1
0.616877,0.814335,1
0.103109,0.498712,3
0.566655,0.853421,1
0.090517,0.421767,3
1.002760,0.886276,0
0.000000,0.532859,3
0.922056,0.895157,0
0.349357,0.151707,2
0.612292,0.747146,1
0.926566,0.852207,0
0.009619,0.579868,3
1.053000,0.834574,0
0.336559,0.227939,2
0.186726,0.508336,3
0.154399,0.457579,3
0.933726,0.804486,0
0.103306,0.587847,3
0.926218,0.836075,0
0.323675,0.219602,2
0.186430,0.472638,3
0.173454,0.621560,3
0.505811,0.771152,1
1.014081,0.851293,0
0.946466,0.814308,0
0.978656,0.821501,0
1.005923,0.702339,0
0.438963,0.206098,2
0.940964,0.763521,0
0.431731,0.199681,2
0.504988,0.829556,1
0.367849,0.196794,2
1.023504,0.894022,0
0.867930,0.940880,0
0.167292,0.634024,3
0.469473,0.752070,1
0.513471,0.711380,1
0.527177,0.873503,1
0.162713,0.596832,3
0.977479,0.793946,0
0.918685,0.891899,0
0.659783,0.743194,1
0.096639,0.485156,3
0.429462,0.117329,2
0.050001,0.508878,3
0.886787,0.771795,0
1.007161,0.804138,0
0.534205,0.729526,1
0.552000,0.810469,1
0.476072,0.169244,2
0.125952,0.658024,3
0.879235,0.841744,0
0.064206,0.460297,3
0.923066,0.832520,0
0.734677,0.781266,-1
0.560105,0.728407,1
0.564794,0.709952,1
0.222567,0.610839,3
0.216994,0.175144,2
0.416790,0.130705,2
0.379664,0.163829,2
0.991202,0.805324,0
0.159999,0.527794,3
0.980223,0.835095,0
0.911251,0.846616,0
0.919859,0.719298,0
0.453430,0.225281,2
0.527504,0.869255,1
0.601110,0.797617,1
0.197294,0.500687,3
0.410948,0.732224,1
0.053448,0.544738,3
0.090071,0.602607,3
0.138747,0.475813,3
0.510799,0.706648,1
0.105419,0.530642,3
0.377192,0.163644,2
0.832978,0.910948,0
0.378340,0.223178,2
0.374093,0.155234,2
0.380323,0.210003,2
0.887528,0.829398,0
0.548035,0.799359,1
0.487562,0.182961,2
0.004891,0.532592,3
0.076116,0.468740,3
0.894356,0.888943,0
0.599071,0.868652,1
0.540552,0.758043,1
1.079228,0.703566,-1
1.044862,0.891976,0
0.556709,0.825520,1
0.335696,0.246916,2
0.160039,0.637378,3
0.613370,0.777618,1
0.387166,0.190344,2
0.989574,0.827316,0
0.171397,0.485235,3
0.337026,0.181999,2
0.127926,0.495473,3
0.647678,0.769980,1
0.376197,0.244805,2
0.370364,0.205381,2
0.170591,0.485232,3
1.036698,0.856373,0
0.369108,0.135536,2
0.528107,0.795409,1
0.107171,0.594555,3
0.951791,0.880186,0
0.150326,0.447657,3
0.481373,0.724160,1
0.475381,0.084873,2
0.419653,0.230055,2
0.146934,0.451884,3
0.373004,0.099138,2
0.339399,0.173982,2
0.545406,0.765130,1
0.541425,0.797249,1
0.509092,0.788041,1
0.857640,0.747243,0
0.593366,0.776397,1
0.211574,0.403963,3
0.926583,1.023958,-1
0.154029,0.455905,3
0.170126,0.513704,3
0.972578,0.862385,0
0.918179,0.728307,0
0.963445,0.811973,0
0.543974,0.864367,1
0.586127,0.805654,1
0.097318,0.571704,3
0.977442,0.871081,0
0.193567,0.602108,3
0.024903,0.500737,3
0.110539,0.541266,3
0.574201,0.781792,1
0.440535,0.784145,1
0.926013,0.824012,0
0.563651,0.784162,1
0.952248,0.903346,0
0.353410,0.237911,2
0.544392,0.828676,1
0.927844,0.952185,0
0.409930,0.193599,2
0.375596,0.101724,2
0.508943,0.172123,2
0.367864,0.026848,2
0.930741,0.903069,0
0.938805,0.878249,0
0.958496,0.848055,0
0.400606,0.118307,2
0.207253,0.614059,3
0.106634,0.652593,3
0.144249,0.524893,3
0.316587,0.128708,2
0.926126,0.899599,0
0.606121,0.751669,1
0.942067,0.687309,0
0.563497,0.827643,1
0.400465,0.188475,2
0.565737,0.862288,1
0.138461,0.465892,3
0.500296,0.734597,1
1.016097,0.903033,0
0.504404,0.776555,1
0.941257,0.881504,0
0.179382,0.460188,3
0.126612,0.487939,3
0.367236,0.093172,2
0.397363,0.158625,2
0.000000,0.476647,3
0.928650,0.847890,0
0.075717,0.618434,3
0.218924,0.524422,3
0.977348,0.823720,0
0.900131,0.900982,0
0.020329,0.551306,3
0.039663,0.577959,3
0.637067,0.728978,1
0.608497,0.851514,1
0.491495,0.835723,1
0.537763,0.750644,1
0.306369,0.193830,2
0.890524,0.898118,0
0.331065,0.186066,2
0.304439,0.129396,2
0.320419,0.118793,2
0.096417,0.443180,3
0.886473,0.737152,0
0.178294,0.406695,3
0.890108,0.810153,0
0.940106,0.920679,0
0.425997,0.712262,1
0.473352,0.774167,1
0.443787,0.265166,2
0.528048,0.817056,1
1.005186,0.795707,0
0.105980,0.446034,3
0.537567,0.737428,1
0.428097,0.138820,2
0.556115,0.785516,1
0.564106,0.820579,1
0.100793,0.539391,3
0.353547,0.213856,2
0.620342,0.784586,1
0.349151,0.180607,2
0.537128,0.867279,1
0.041424,0.545801,3
0.091055,0.445668,3
0.049438,0.464119,3
0.340233,0.242438,2
0.201804,0.533049,3
0.054765,0.558439,3
0.000000,0.618653,3
0.476130,0.853525,1
0.734031,0.845386,-1
0.485596,0.205682,2
0.987651,0.873811,0
0.553553,0.872586,1
0.049997,0.501471,3
0.963315,0.827279,0
0.125586,0.445426,3
0.131515,0.453737,3
0.163861,0.450639,3
0.512625,0.875433,1
0.101865,0.526738,3
0.151479,0.573373,3
0.470773,0.074876,2
0.160898,0.594966,3
0.484912,0.721514,1
0.842404,0.823549,0
0.595297,0.781546,1
0.595709,0.837667,1
0.577134,0.820161,1
0.097676,0.537532,3
0.981345,0.789749,0
0.170194,0.598573,3
0.165165,0.500106,3
0.533890,0.884726,1
0.346100,0.279000,2
0.484691,0.963390,-1
0.994902,0.790304,0
0.910144,0.814765,0
0.145925,0.492627,3
0.866736,0.878990,0
0.441572,0.186149,2
0.208365,0.592242,3
1.029568,0.860706,0
0.193808,0.510590,3
0.106464,0.495563,3
0.505724,0.715376,1
0.067334,0.458400,3
0.096395,0.562337,3
0.982922,0.745867,0
0.107089,0.544352,3
0.960252,0.764468,0
0.867196,0.882094,0
0.131241,0.566815,3
0.532940,0.715743,1
0.353184,0.217757,2
0.845957,0.917566,0
0.408489,0.163888,2
0.397282,0.328602,-1
0.537054,0.765341,1
0.342485,0.230184,2
0.632230,0.794546,1
0.573010,0.764007,1
0.488368,0.662379,1
0.628308,0.902111,1
1.025826,0.807933,0
0.146235,0.504607,3
0.952799,0.879098,0
0.323338,0.340528,-1
0.128425,0.545705,3
0.092654,0.560611,3
0.539767,0.756058,1
0.958115,0.938995,0
1.025645,0.814357,0
0.119823,0.552134,3
0.973976,0.821599,0
0.430358,0.254060,2
0.094134,0.561017,3
0.539003,0.738938,1
0.794195,0.772531,-1
0.888528,0.797405,0
0.512399,0.848288,1
0.133460,0.562255,3
0.461863,0.841023,1
0.951989,0.825152,0
0.039565,0.622685,3
0.975747,0.891792,0
0.591526,0.830182,1
0.910374,0.859043,0
0.609749,0.725089,1
0.126368,0.643800,3
0.149596,0.442638,3
0.427248,0.078551,2
0.307574,0.143331,2
0.848023,0.782951,0
0.239645,0.564477,3
0.374394,0.202429,2
1.038281,0.738538,0
0.263267,0.197847,2
0.487863,0.764137,1
0.581901,0.812612,1
0.873225,0.909328,0
0.394821,0.272704,2
0.408178,0.168043,2
0.569776,0.845288,1
0.419708,0.194788,2
0.558492,0.877974,1
0.861358,0.921045,0
0.507759,0.806070,1
0.370609,0.083677,2
0.957606,0.881367,0
0.841157,0.738999,0
0.180116,0.554138,3
0.933085,0.815827,0
0.354392,0.071436,2
0.914297,0.897749,0
0.078389,0.540093,3
0.620145,0.633191,-1
0.919556,0.841913,0
0.924763,0.788688,0
0.036853,0.600898,3
0.935888,0.862881,0
1.000714,0.930818,0
0.385782,0.128084,2
0.597753,0.775514,1
0.487123,0.121709,2
0.942822,0.857615,0
0.434604,0.169989,2
0.326201,0.231670,2
0.185592,0.536231,3
0.952924,0.895683,0
0.514607,0.849839,1
0.394045,0.162783,2
0.646943,0.686275,1
0.566134,0.794182,1
1.026881,0.883134,0
0.441210,0.218703,2
0.198758,0.592210,3
0.051097,0.568342,3
0.915838,0.907962,0
0.879969,0.909003,0
0.374852,0.153653,2
0.145208,0.511972,3
0.224190,0.657087,3
0.374303,0.164846,2
0.556576,0.770898,1
0.452227,0.233751,2
0.348840,0.141338,2
0.637533,0.696959,1
0.923701,0.858068,0
0.403116,0.239484,2
0.505102,0.808686,1
0.543000,0.838652,1
0.386712,0.164579,2
0.515142,0.845522,1
0.115217,0.559396,3
0.347903,0.221704,2
0.357376,0.182881,2
0.126147,0.647201,3
0.975404,0.908377,0
0.618039,0.792415,1
0.108304,0.572856,3
0.914854,0.870233,0
0.259143,0.173356,2
0.042730,0.480151,3
0.948984,0.952905,0
0.542491,0.722134,1
0.179212,0.558559,3
0.035370,0.545197,3
0.838847,0.875530,0
0.646243,0.748412,1
1.003526,0.790490,0
0.538099,0.798423,1
0.585466,0.854942,1
0.947409,0.908945,0
0.384704,0.078716,2
0.188485,0.584407,3
1.119264,0.841422,0
0.284603,0.196502,2
0.360303,0.103315,2
0.329353,0.200704,2
0.997052,0.737263,0
1.118292,0.815081,0
0.412010,0.082394,2
0.239346,0.186200,2
0.948470,0.872314,0
0.993745,0.826986,0
0.106496,0.649573,3
0.624813,0.766284,1
0.513469,0.878081,1
0.942492,0.882826,0
0.340842,0.042796,2
0.855153,0.923331,0
0.889545,0.816456,0
0.080453,0.550702,3
0.478040,0.717398,1
0.399274,0.173554,2
0.353658,0.056091,2
1.049231,0.709154,0
0.593749,0.709391,1
0.032397,0.484009,3
0.064875,0.678626,-1
0.347235,0.096014,2
0.967682,0.853873,0
0.128058,0.488767,3
0.423521,0.838172,1
0.046622,0.473487,3
0.478595,0.762988,1
0.372113,0.180761,2
0.594086,0.864531,1
0.158452,0.494958,3
0.288866,0.092409,2
0.200102,0.484188,3
0.525743,0.793991,1
0.907785,0.909884,0
0.943844,0.755392,0
0.458217,0.797422,1
0.507240,0.815633,1
0.093582,0.542122,3
0.609052,0.731943,1
0.087851,0.441695,3
0.912300,0.769930,0
0.525043,0.707816,1
0.399319,0.211771,2
0.276822,0.114209,2
0.548022,0.853489,1
0.801170,0.848672,0
0.041964,0.562871,3
0.937755,0.864465,0
0.174763,0.504469,3
0.530188,0.741546,1
0.575745,0.852855,1
0.536362,0.749822,1
0.082916,0.533574,3
0.567450,0.791150,1
0.335868,0.080133,2
0.099910,0.617685,3
0.838159,0.739261,0
0.969194,0.814490,0
0.114182,0.537246,3
0.632975,0.848985,1
0.880405,0.939233,0
0.333146,0.095611,2
0.076396,0.523057,3
0.933613,0.786141,0
0.936100,0.878565,0
1.006019,0.802762,0
0.581695,0.905253,1
0.919067,0.879657,0
0.167886,0.508718,3
0.571695,0.730048,1
1.019308,0.856703,0
0.461468,0.747571,1
0.318629,0.188557,2
0.170984,0.554474,3
0.373034,0.110444,2
0.322743,0.135974,2
0.517213,0.733146,1
0.861486,0.924279,0
0.436180,0.069156,2
0.483669,0.142478,2
0.376068,0.176602,2
0.145999,0.477678,3
0.866373,0.930416,0
0.533728,0.868204,1
0.267047,0.158240,2
0.498379,0.702365,1
0.620160,0.707642,1
0.128694,0.519077,3
0.635885,0.785913,1
0.975697,0.858268,0
0.534769,0.929466,1
1.000309,0.837087,0
0.329376,0.127960,2
0.117710,0.572622,3
0.439944,0.100642,2
0.367330,0.168764,2
0.890267,0.855605,0
0.284283,0.186063,2
0.867336,0.856350,0
0.339056,0.172211,2
0.439512,0.090368,2
0.433579,0.838007,1
0.353346,0.134734,2
0.958917,0.794640,0
0.372283,0.290386,2
0.521524,0.905523,1
1.001376,0.870283,0
0.893429,0.923213,0
0.162457,0.648311,3
0.420523,0.126704,2
0.097951,0.578103,3
0.554657,0.710150,1
0.451899,0.066983,2
0.550847,0.834510,1
0.545366,0.760795,1
0.331726,0.026196,2
0.108354,0.456868,3
0.057572,0.637312,3
0.330477,0.178890,2
0.256519,0.467917,3
0.572344,0.794240,1
0.507251,0.783757,1
0.485374,0.740284,1
0.423071,0.211067,2
0.196460,0.529889,3
0.991595,0.890118,0
0.070386,0.593407,3
0.951521,0.857686,0
0.643645,0.712789,1
0.320396,0.293732,2
0.222505,0.488367,3
0.941118,0.812073,0
0.603103,0.746457,1
0.008554,0.537611,3
0.392689,0.174598,2
0.344013,0.270225,2
0.690024,0.812247,1
0.584140,0.879803,1
0.932648,0.786346,0
0.896217,0.916003,0
0.222703,0.072198,-1
0.530574,0.694905,1
0.230512,0.528120,3
0.031131,0.418052,3
0.222381,0.542116,3
0.334422,0.271867,2
0.062564,0.610832,3
0.380631,0.188719,2
0.574332,0.708619,1
0.140564,0.566255,3
0.000732,0.552086,3
0.476707,0.816069,1
0.909022,0.816676,0
0.441484,0.176442,2
0.552166,0.782114,1
0.979960,0.955275,0
0.462254,0.206726,2
0.783188,0.990909,-1
0.322041,0.207841,2
0.068719,0.588172,3
0.614740,0.778628,1
0.994751,0.767646,0
0.163402,0.501975,3
0.978617,0.886720,0
0.828905,0.855542,0
0.588727,0.703861,1
0.093361,0.504930,3
0.973820,0.824237,0
0.947048,0.819489,0
0.338047,0.189000,2
0.950956,0.927645,0
0.423269,0.762125,1
0.000000,0.451573,3
0.950090,0.849610,0
0.459618,0.209544,2
0.173293,0.474193,3
0.391339,0.775154,1
0.375483,0.230422,2
0.613298,0.811791,1
0.558624,0.745500,1
0.367492,0.171524,2
0.905939,0.883838,0
0.135627,0.504605,3
0.405782,0.188134,2
1.029915,0.808099,0
0.480091,0.786373,1
0.324535,0.182067,2
0.530354,0.837277,1
0.172893,0.621526,3
0.381731,0.199477,2
0.844716,0.866002,0
0.512075,0.221506,2
0.379986,0.089842,2
0.310703,0.106596,2
0.945200,0.704214,0
0.529607,0.807309,1
0.349119,0.124502,2
0.934494,0.789431,0
0.495426,0.766432,1
0.913876,0.919741,0
0.512409,0.786436,1
0.019945,0.587979,3
0.105651,0.601300,3
1.050388,0.814562,0
0.000000,0.532794,3
0.412469,0.139237,2
0.374346,0.121880,2
0.506380,0.802439,1
0.895152,0.858638,0
0.124646,0.537376,3
0.925396,0.896925,0
0.293032,0.222236,2
0.377531,0.137667,2
0.593578,0.762805,1
0.413961,0.023305,2
0.084767,0.550136,3
0.968685,0.753772,0
0.385659,0.092414,2
0.958035,0.792720,0
0.133107,0.437805,3
0.376808,0.205171,2
0.570017,0.758507,1
0.421317,0.824144,1
0.502816,0.754311,1
0.130190,0.604258,3
0.478515,0.736340,1
0.404780,0.102843,2
0.194705,0.499179,3
0.033667,0.571684,3
0.980691,0.855487,0
0.888198,0.851672,0
0.095661,0.483744,3
0.924832,0.835702,0
0.998100,0.703746,0
0.247488,0.250355,2
0.994533,0.786754,0
0.473095,0.769382,1
0.376626,0.049297,2
0.958282,0.968874,0
0.205071,0.640165,3
0.949994,0.947681,0
0.546671,0.871597,1
0.920945,0.879403,0
0.182971,0.527526,3
0.212919,0.454685,3
0.364515,0.265174,2
0.982794,0.747191,0
0.583631,0.871692,1
0.916057,0.887424,0
0.435007,0.255162,2
0.327563,0.267720,2
0.519172,0.681305,1
0.035725,0.518541,3
0.217526,0.496820,3
0.008876,0.575193,3
0.570454,0.901582,1
0.850587,0.880801,0
0.386602,0.183382,2
0.279126,0.319524,-1
0.232451,0.486839,3
0.387076,0.153448,2
0.141376,0.496235,3
0.566455,0.771294,1
0.357510,0.148585,2
1.045373,0.831658,0
0.554969,0.718794,1
0.084888,0.610545,3
0.955456,0.902568,0
0.396103,0.193092,2
0.167604,0.532601,3
0.517562,0.798976,1
0.943618,0.823460,0
0.160867,0.142599,-1
0.145651,0.366129,-1
0.482033,0.778787,1
0.536691,0.811450,1
0.030971,0.447161,3
0.449714,0.180191,2
0.418997,0.263808,2
0.952652,0.797624,0
0.923334,0.743007,0
0.394723,0.134408,2
0.979423,0.763941,0
0.990922,0.825851,0
0.032735,0.464571,3
0.383231,0.168642,2
0.964658,0.828056,0
0.042835,0.461470,3
0.003078,0.543932,3
0.581743,0.830010,1
0.574225,0.785129,1
0.382996,0.278433,2
0.994189,0.879116,0
0.908999,0.816790,0
0.940370,0.854149,0
0.380020,0.163542,2
0.607765,0.771777,1
0.858482,0.884601,0
0.589211,0.756605,1
0.338129,0.138421,2
0.358965,0.109755,2
0.220372,0.630894,3
0.406484,0.225964,2
0.105293,0.508622,3
0.063640,0.525807,3
0.079193,0.541913,3
0.631782,0.720012,1
0.460924,0.143717,2
0.964367,0.850962,0
0.492919,0.864298,1
0.291841,0.197010,2
0.000000,0.517010,3
0.945649,0.752053,0
0.084824,0.556605,3
0.298241,0.235646,2
1.104506,0.831496,0
0.482072,0.872924,1
0.286127,0.123535,2
1.038713,0.805222,0
0.937416,0.728538,0
0.286033,0.075267,2
0.321705,0.060389,2
0.255643,0.211443,2
0.092902,0.424984,3
0.135256,0.486077,3
0.429767,0.206441,2
0.941526,0.818313,0
0.980819,0.869529,0
0.459862,0.139186,2
0.133018,0.558329,3
0.873001,0.721198,0
0.369880,0.191870,2
0.568180,0.779273,1
0.516051,0.885472,1
0.875812,0.893076,0
0.538549,0.925891,1
0.150253,0.615416,3
0.404760,0.219279,2
0.989883,0.896435,0
0.949200,0.727791,0
0.899713,0.879740,0
1.014005,0.853396,0
0.446991,0.722978,1
0.405971,0.817512,1
0.520336,0.750792,1
0.912501,0.890847,0
0.347445,0.222978,2
0.590703,0.828016,1
0.890821,0.896534,0
0.560362,0.778026,1
0.155480,0.504767,3
0.931800,0.851186,0
0.412146,0.184991,2
0.091395,0.508861,3
0.941091,0.830083,0
0.092970,0.563340,3
0.954353,0.795862,0
0.423447,0.205903,2
1.109094,0.832447,0
0.339702,0.168630,2
0.310647,0.211181,2
0.148702,0.458035,3
0.021575,0.517701,3
0.130018,0.554107,3
0.376572,0.060841,2
0.408112,0.053256,2
0.533246,0.855484,1
0.506256,0.776006,1
0.354095,0.164812,2
0.629666,0.805506,1
0.964770,0.797713,0
0.526440,0.813988,1
0.517497,0.802866,1
0.368242,0.123609,2
0.056869,0.468416,3
0.956736,0.967910,0
0.117295,0.464013,3
0.537483,0.812344,1
0.933964,0.796760,0
1.072037,0.828738,0
0.319935,0.077595,2
0.160568,0.491194,3
0.868118,0.867850,0
0.379533,0.146087,2
0.320636,0.158550,2
0.115547,0.486066,3
0.613978,0.720576,1
0.893903,0.819698,0
0.998563,0.779729,0
0.373675,0.074457,2
0.120583,0.491470,3
0.889598,0.764839,0
0.555147,0.745035,1
0.946248,0.853899,0
0.928683,0.847117,0
0.238280,0.153022,2
1.030668,0.837451,0
0.629319,0.719503,1
0.371465,0.097132,2
0.226286,0.015974,-1
0.960372,0.937588,0
0.485928,0.768508,1
0.180156,0.403874,3
0.413674,0.198107,2
0.513919,0.738730,1
0.916222,0.929283,0
0.547271,0.128507,-1
0.926051,0.932370,0
0.455194,0.760904,1
0.401029,0.077854,2
0.489845,0.832116,1
0.952216,0.790793,0
0.116750,0.521628,3
0.175479,0.495276,3
0.525134,0.783774,1
0.562217,0.740964,1
0.974078,0.850512,0
0.265003,0.192193,2
0.453616,0.189048,2
0.332827,0.185892,2
0.407874,0.696901,1
0.260871,0.107362,2
0.148271,0.487463,3
1.004030,0.891823,0
0.030193,0.534073,3
0.468689,0.790653,1
0.381592,0.147286,2
0.973915,0.860962,0
0.103096,0.627117,3
0.189708,0.480651,3
0.405122,0.136874,2
0.552017,0.782399,1
0.316937,0.008203,2
0.096472,0.476637,3
1.020039,0.851169,0
0.538996,0.742115,1
0.972112,0.792993,0
0.162135,0.515919,3
0.899510,0.920255,0
0.532484,0.803620,1
0.583095,0.842923,1
0.537406,0.668372,1
0.176962,0.547426,3
0.500937,0.727034,1
0.548250,0.808975,1
0.059170,0.611896,3
0.161044,0.582755,3
0.136967,0.591755,3
0.976498,0.786660,0
0.874372,0.747075,0
0.356794,0.099826,2
0.991498,0.797500,0
0.987650,0.765982,0
0.621570,0.737651,1
0.637233,0.778837,1
0.397909,0.115836,2
0.193504,0.537882,3
0.588469,0.734130,1
0.973038,0.895708,0
0.312200,0.181948,2
0.991379,0.788957,0
0.565076,0.856346,1
0.399781,0.132069,2
0.138689,0.553499,3
0.511336,0.798777,1
0.425092,0.853929,1
0.905815,0.773650,0
0.426963,0.313247,2
0.648834,0.762260,1
0.291660,0.281829,2
0.418738,0.197090,2
0.607387,0.768384,1
0.543798,0.766679,1
0.402970,0.144697,2
0.347655,0.172170,2
0.183708,0.521408,3
0.063365,0.545671,3
0.465288,0.252651,2
1.069030,0.732514,-1
0.479074,0.925468,-1
0.971008,0.889667,0
0.614960,0.734843,1
0.004594,0.574436,3
0.953677,0.869676,0
0.122186,0.571064,3
0.107168,0.543277,3
0.914348,0.784949,0
0.466695,0.753311,1
0.530283,0.760143,1
0.933720,0.835997,0
0.176068,0.498351,3
0.979825,0.854719,0
0.447421,0.218466,2
0.464682,0.830892,1
0.358417,0.164807,2
0.446643,0.143574,2
0.992301,0.879866,0
0.102258,0.559228,3
0.458572,0.179591,2
0.513081,0.726041,1
0.438477,0.250411,2
0.572307,0.824513,1
0.515128,0.843489,1
0.424869,0.095590,2
0.112733,0.495585,3
0.616825,0.830439,1
0.917477,0.932559,0
0.894426,0.944231,0
0.565169,0.785056,1
0.400766,0.072612,2
0.532731,0.781628,1
0.230304,0.517922,3
0.171805,0.430407,3
0.600229,0.847075,1
0.150970,0.614452,3
0.122479,0.408771,3
0.370113,0.232159,2
0.407650,0.206383,2
0.020350,0.483894,3
0.335982,0.251787,2
0.845405,0.826531,0
0.986335,0.790676,0
0.060011,0.564169,3
0.615197,0.788678,1
0.263031,0.506544,3
0.087724,0.532554,3
0.209560,0.561442,3
0.436132,0.661951,1
0.386541,0.133153,2
0.430253,0.236714,2
0.924207,0.828218,0
0.354884,0.225642,2
0.178056,0.526895,3
0.028645,0.524703,3
0.098672,0.621163,3
0.362432,0.220174,2
0.157419,0.544944,3
0.529445,0.752680,1
0.636413,0.736690,1
0.306583,0.147519,2
0.168516,0.550217,3
0.093837,0.429133,3
0.989657,0.778796,0
0.103207,0.467074,3
0.363164,0.197887,2
0.957515,0.860330,0
0.397972,0.088697,2
0.369464,0.127384,2
0.436354,0.025710,2
1.054486,0.885948,0
0.182055,0.448515,3
0.640891,0.731903,1
0.153778,0.582270,3
0.961495,0.685030,0
0.988006,0.745994,0
0.425697,0.190101,2
0.126314,0.572685,3
0.130968,0.559283,3
0.109208,0.476594,3
0.333559,0.224941,2
0.341406,0.168241,2
0.488016,0.145164,2
0.493959,0.844161,1
0.362580,0.170322,2
0.470389,0.166244,2
0.447955,0.133691,2
0.860920,0.811891,0
0.434294,0.823752,1
0.497643,0.748665,1
1.012984,0.766907,0
0.316000,0.244699,2
1.016514,0.782423,0
0.308828,0.517540,-1
0.303692,0.169527,2
0.206714,0.643196,3
0.461732,0.749309,1
0.576431,0.876383,1
0.938473,0.857633,0
0.054668,0.611736,3
